dataset,subdataset,sentence,flag,Bert,Distilbert,Roberta,Status,word_count,sentence_count,avg_word_length,std_word_length,type_token_ratio,hapax_legomena,stopword_ratio,punctuation_density,noun_ratio,verb_ratio,adj_ratio,adv_ratio,pronoun_ratio,avg_dependency_depth,function_word_ratio,punctuation_usage,readability_score,sentence_length_variation,subordinate_clause_ratio,sentiment_polarity,sentiment_subjectivity,anger,joy,fear,sadness,disgust,surprise,certainty_adverbs_count,certainty_verbs_count,certainty_adjectives_count,doubt_adverbs_count,doubt_verbs_count,doubt_adjectives_count,hedges_score,hedge_C_count,hedge_D_count,hedge_E_count,hedge_I_count,hedge_N_count,C_ratio,D_ratio,E_ratio,I_ratio,N_ratio
SemEval_2014,ambience_ambience,"I came to fresh expecting a great meal, and all I got was marginally so-so food served in a restaurant that was just so freezing we couldn't enjoy eating.",explicit,True,True,True,Misclassified,32.0,1.0,3.9375,2.511691412176265,0.90625,0.8125,0.4375,0.125,0.09375,0.28125,0.09375,0.125,0.09375,1.0,0.5294117647058824,0.03125,11.995862068965518,0.0,0.125,0.5,0.5833333333333334,0.08244046568870544,0.053610458970069885,0.006233390420675278,0.10893965512514114,0.15216194093227386,0.18467414379119873,0.0,0.0,2.0,2.0,0.0,0.0,0.0,29.0,0.0,0.0,0.0,0.0,1.0,0.0,0.0,0.0,0.0
SemEval_2014,ambience_ambience,It's always quiet because it's awful.,implicit,True,True,True,Misclassified,9.0,1.0,3.5555555555555554,2.0608041101101566,0.8888888888888888,0.7777777777777778,0.3333333333333333,0.3333333333333333,0.0,0.2222222222222222,0.2222222222222222,0.1111111111111111,0.2222222222222222,1.0,0.6666666666666666,0.1111111111111111,6.416666666666668,0.0,0.2222222222222222,-0.5,0.6666666666666666,0.010690554045140743,0.0009880622383207083,0.05719633027911186,0.0265736673027277,0.8852149844169617,0.0038022689986974,0.0,0.0,0.0,0.0,0.0,1.0,0.0,6.0,0.0,0.0,0.0,0.0,1.0,0.0,0.0,0.0,0.0
SemEval_2014,ambience_ambience,"It's no-fuss, fast and delicious.",implicit,True,True,True,Misclassified,8.0,1.0,3.625,2.7357585785299112,1.0,1.0,0.25,0.5,0.0,0.125,0.375,0.0,0.125,1.0,0.4,0.125,5.240000000000002,0.0,0.0,0.6,0.8,0.008548741228878498,0.32929715514183044,0.0017085038125514984,0.004528533201664686,0.016689470037817955,0.011712429113686085,0.0,0.0,1.0,0.0,0.0,1.0,0.0,5.0,0.0,0.0,0.0,0.0,1.0,0.0,0.0,0.0,0.0
SemEval_2014,anecdotes_miscellaneous_anecdotes_miscellaneous,"Actually, everyone who worked there seemed to be annoyed.",implicit,True,True,True,Misclassified,11.0,1.0,4.454545454545454,2.606412943060264,1.0,1.0,0.36363636363636365,0.18181818181818182,0.09090909090909091,0.36363636363636365,0.0,0.18181818181818182,0.0,1.0,0.5454545454545454,0.09090909090909091,7.58666666666667,0.0,0.09090909090909091,-0.2,0.45,0.3941962420940399,0.009815316647291183,0.005833239294588566,0.03268389031291008,0.23605410754680634,0.052839092910289764,1.0,0.0,0.0,0.0,0.0,0.0,0.9648787975311279,8.0,0.0,1.0,0.0,0.0,0.8888888888888888,0.0,0.1111111111111111,0.0,0.0
SemEval_2014,anecdotes_miscellaneous_anecdotes_miscellaneous,After dinner I heard music playing and discovered that there is a lounge downstairs.,explicit,True,True,True,Misclassified,15.0,1.0,4.733333333333333,2.792052212182923,1.0,1.0,0.4666666666666667,0.06666666666666667,0.3333333333333333,0.2,0.0,0.0,0.06666666666666667,1.0,0.4666666666666667,0.06666666666666667,7.570000000000004,0.0,0.2,0.0,0.0,0.008179305121302605,0.11661805957555771,0.045521415770053864,0.013591030612587929,0.31842729449272156,0.24140988290309906,0.0,0.0,0.0,0.0,0.0,0.0,0.0,14.0,0.0,0.0,0.0,0.0,1.0,0.0,0.0,0.0,0.0
SemEval_2014,anecdotes_miscellaneous_anecdotes_miscellaneous,Although I moved uptown I try to stop in as often as possible for the GREAT cheap food and to pay the friendly staff a visit.,explicit,True,True,True,Misclassified,27.0,1.0,3.7037037037037037,2.087259674608203,0.8518518518518519,0.7037037037037037,0.4444444444444444,0.037037037037037035,0.14814814814814814,0.14814814814814814,0.14814814814814814,0.07407407407407407,0.07407407407407407,1.0,0.5185185185185185,0.037037037037037035,9.52692307692308,0.0,0.18518518518518517,0.39375000000000004,0.7375,0.00518127903342247,0.5477036237716675,0.00569373881444335,0.006533060222864151,0.00707863736897707,0.017981041222810745,0.0,0.0,2.0,1.0,0.0,0.0,0.0,26.0,0.0,0.0,0.0,0.0,1.0,0.0,0.0,0.0,0.0
SemEval_2014,anecdotes_miscellaneous_anecdotes_miscellaneous,Ask for the round corner table next to the large window.,explicit,True,True,True,Misclassified,12.0,1.0,3.8333333333333335,1.5184055965240497,0.9166666666666666,0.8333333333333334,0.3333333333333333,0.08333333333333333,0.3333333333333333,0.0,0.25,0.0,0.0,1.0,0.4166666666666667,0.08333333333333333,3.7181818181818187,0.0,0.0,0.0047619047619047545,0.27619047619047615,0.009287409484386444,0.0032662060111761093,0.018620293587446213,0.0032713760156184435,0.00875889416784048,0.06945610046386719,0.0,0.0,0.0,0.0,0.0,1.0,0.0,11.0,0.0,0.0,0.0,0.0,1.0,0.0,0.0,0.0,0.0
SemEval_2014,anecdotes_miscellaneous_anecdotes_miscellaneous,"Been to the one in Brooklyn for over 25 years, now I dont have to go over the bridge for the best pizza ....Hanx",explicit,True,True,True,Misclassified,26.0,1.0,3.423076923076923,1.4980263149346498,0.8076923076923077,0.6538461538461539,0.5384615384615384,0.19230769230769232,0.3076923076923077,0.11538461538461539,0.038461538461538464,0.038461538461538464,0.038461538461538464,1.0,0.6296296296296297,0.15384615384615385,7.536666666666665,0.0,0.07692307692307693,1.0,0.3,0.010433025658130646,0.05563037097454071,0.004026069771498442,0.10134316980838776,0.006880450062453747,0.2806608974933624,1.0,0.0,0.0,0.0,0.0,0.0,0.0,24.0,0.0,0.0,0.0,0.0,1.0,0.0,0.0,0.0,0.0
SemEval_2014,anecdotes_miscellaneous_anecdotes_miscellaneous,Being Puerto Rican I know a thing or two about flan and this place serves one of the best (I hope Mom doesn't read this!).,explicit,True,True,True,Misclassified,30.0,2.0,3.2666666666666666,1.5691469727919758,0.9333333333333333,0.8666666666666667,0.4,0.16666666666666666,0.13333333333333333,0.2,0.1,0.03333333333333333,0.06666666666666667,1.0,0.5,0.06666666666666667,8.32,12.0,0.1,1.0,0.3,0.012244898825883865,0.32270583510398865,0.0010216005612164736,0.005686920136213303,0.008484791032969952,0.05260998755693436,1.0,2.0,1.0,0.0,0.0,0.0,0.0,25.0,0.0,0.0,0.0,0.0,1.0,0.0,0.0,0.0,0.0
SemEval_2014,anecdotes_miscellaneous_anecdotes_miscellaneous,"Best Chinese on the Upper East, prompt delivery, good value.",explicit,True,True,True,Misclassified,13.0,1.0,3.923076923076923,2.2000537917038603,0.9230769230769231,0.8461538461538461,0.15384615384615385,0.23076923076923078,0.38461538461538464,0.0,0.23076923076923078,0.0,0.0,1.0,0.15384615384615385,0.07692307692307693,7.190000000000001,0.0,0.0,0.425,0.22500000000000003,0.010592907667160034,0.10780592262744904,0.001101157278753817,0.0036004844587296247,0.009395932778716087,0.010741605423390865,1.0,0.0,0.0,0.0,0.0,0.0,0.0,10.0,0.0,0.0,0.0,0.0,1.0,0.0,0.0,0.0,0.0
SemEval_2014,anecdotes_miscellaneous_anecdotes_miscellaneous,Cool atmosphere but such a let down.,explicit,True,True,True,Misclassified,8.0,1.0,3.75,2.6339134382131846,1.0,1.0,0.5,0.125,0.25,0.0,0.0,0.125,0.0,1.0,0.5,0.125,2.3114285714285714,0.0,0.0,0.0648148148148148,0.47962962962962963,0.002833531005308032,0.0070588053204119205,0.002049015136435628,0.9008422493934631,0.022620301693677902,0.004846710246056318,0.0,0.0,0.0,1.0,0.0,0.0,0.0,7.0,0.0,0.0,0.0,0.0,1.0,0.0,0.0,0.0,0.0
SemEval_2014,anecdotes_miscellaneous_anecdotes_miscellaneous,"El Nidos one of the best restaurants in New York which I've ever been to, has a great variety of tasty, mouth watering pizza's.",explicit,True,True,True,Misclassified,29.0,1.0,3.586206896551724,2.266962746743945,0.9310344827586207,0.8620689655172413,0.3448275862068966,0.1724137931034483,0.2413793103448276,0.13793103448275862,0.13793103448275862,0.034482758620689655,0.034482758620689655,1.0,0.4827586206896552,0.034482758620689655,10.486666666666668,0.0,0.0,0.6454545454545454,0.5015151515151515,0.0036837710067629814,0.6038322448730469,0.0031287800520658493,0.004997764248400927,0.01259852945804596,0.06267566978931427,1.0,0.0,1.0,0.0,0.0,0.0,0.0,24.0,0.0,0.0,0.0,0.0,1.0,0.0,0.0,0.0,0.0
SemEval_2014,anecdotes_miscellaneous_anecdotes_miscellaneous,"For someone who used to hate Indian food, Baluchi's has changed my mid.",explicit,True,True,True,Misclassified,16.0,1.0,3.6875,1.9911915402592488,1.0,1.0,0.3125,0.1875,0.25,0.25,0.0625,0.0,0.0625,1.0,0.5,0.0625,4.003076923076925,0.0,0.0625,-0.4,0.45,0.23425500094890594,0.0018173253629356623,0.003397309686988592,0.015820913016796112,0.4969516694545746,0.014963146299123764,0.0,0.0,0.0,0.0,0.0,0.0,0.0,13.0,0.0,0.0,0.0,0.0,1.0,0.0,0.0,0.0,0.0
SemEval_2014,anecdotes_miscellaneous_anecdotes_miscellaneous,Had a great meal there this weekend before heading to the movies!,explicit,True,True,True,Misclassified,13.0,1.0,4.153846153846154,1.994074061048572,1.0,1.0,0.5384615384615384,0.07692307692307693,0.23076923076923078,0.15384615384615385,0.07692307692307693,0.0,0.0,1.0,0.5384615384615384,0.07692307692307693,4.823333333333334,0.0,0.0,1.0,0.75,0.0011253879638388753,0.9489473104476929,0.0010880926856771111,0.0029249917715787888,0.000981656601652503,0.013321556150913239,0.0,0.0,1.0,0.0,0.0,0.0,0.0,12.0,0.0,0.0,0.0,0.0,1.0,0.0,0.0,0.0,0.0
SemEval_2014,anecdotes_miscellaneous_anecdotes_miscellaneous,I also recommend the garlic knots.,explicit,True,True,True,Misclassified,7.0,1.0,4.142857142857143,2.641891715558133,1.0,1.0,0.2857142857142857,0.14285714285714285,0.14285714285714285,0.14285714285714285,0.14285714285714285,0.14285714285714285,0.14285714285714285,1.0,0.42857142857142855,0.14285714285714285,6.416666666666668,0.0,0.0,0.0,0.0,0.005777016282081604,0.04201787710189819,0.004202996846288443,0.006828438490629196,0.038731928914785385,0.005032559856772423,0.0,1.0,0.0,0.0,0.0,0.0,0.0,6.0,0.0,0.0,0.0,0.0,1.0,0.0,0.0,0.0,0.0
SemEval_2014,anecdotes_miscellaneous_anecdotes_miscellaneous,I can't stand this dungeon.,implicit,True,True,True,Misclassified,7.0,1.0,3.2857142857142856,2.0503857277724746,1.0,1.0,0.2857142857142857,0.2857142857142857,0.14285714285714285,0.14285714285714285,0.0,0.14285714285714285,0.14285714285714285,1.0,0.5714285714285714,0.14285714285714285,0.5199999999999996,0.0,0.0,0.0,0.0,0.07967162132263184,0.0028335433453321457,0.08980921655893326,0.09727618843317032,0.6952018141746521,0.010580047965049744,0.0,0.0,0.0,0.0,0.0,0.0,0.0,5.0,0.0,0.0,0.0,0.0,1.0,0.0,0.0,0.0,0.0
SemEval_2014,anecdotes_miscellaneous_anecdotes_miscellaneous,I definitely enjoyed the food as well.,explicit,True,True,True,Misclassified,8.0,1.0,4.0,2.9154759474226504,1.0,1.0,0.375,0.125,0.125,0.125,0.0,0.375,0.125,1.0,0.5,0.125,5.682857142857145,0.0,0.0,0.5,0.7,0.0010670345509424806,0.9866711497306824,0.0003847249026875943,0.002023442182689905,0.0029272427782416344,0.0014606514014303684,0.0,0.0,0.0,0.0,0.0,0.0,0.0,7.0,0.0,0.0,0.0,0.0,1.0,0.0,0.0,0.0,0.0
SemEval_2014,anecdotes_miscellaneous_anecdotes_miscellaneous,I had to flag down a third staff person for a fork... so now it's goodbye Little RUDE Pie Company.,explicit,True,True,True,Misclassified,23.0,1.0,3.4347826086956523,1.8374388355752556,0.9565217391304348,0.9130434782608695,0.43478260869565216,0.21739130434782608,0.30434782608695654,0.13043478260869565,0.08695652173913043,0.08695652173913043,0.08695652173913043,1.0,0.5217391304347826,0.17391304347826086,3.0599999999999987,0.0,0.043478260869565216,-0.16076388888888887,0.3472222222222222,0.015147977508604527,0.022013027220964432,0.003601774340495467,0.1423088014125824,0.037955392152071,0.09121181815862656,0.0,0.0,0.0,1.0,0.0,0.0,0.0,20.0,0.0,0.0,0.0,0.0,1.0,0.0,0.0,0.0,0.0
SemEval_2014,anecdotes_miscellaneous_anecdotes_miscellaneous,"I have been going to this restaurant for years, in the past the service was average and the food inconsistant.",explicit,True,True,True,Misclassified,22.0,1.0,4.136363636363637,2.7017747457661057,0.9090909090909091,0.8636363636363636,0.5454545454545454,0.09090909090909091,0.22727272727272727,0.18181818181818182,0.09090909090909091,0.0,0.045454545454545456,1.0,0.5454545454545454,0.045454545454545456,9.32,0.0,0.045454545454545456,-0.2,0.32499999999999996,0.009129577316343784,0.010962081141769886,0.0057350280694663525,0.0145540377125144,0.22210344672203064,0.011561372317373753,0.0,0.0,0.0,0.0,0.0,0.0,0.0,20.0,0.0,0.0,0.0,0.0,1.0,0.0,0.0,0.0,0.0
SemEval_2014,anecdotes_miscellaneous_anecdotes_miscellaneous,"I highly recommend it for not just its superb cuisine, but also for its friendly owners and staff.",explicit,True,True,True,Misclassified,20.0,1.0,4.05,2.2466641938660974,0.9,0.8,0.5,0.1,0.2,0.05,0.05,0.2,0.2,1.0,0.55,0.05,8.474444444444444,0.0,0.0,0.5116666666666666,0.68,0.005812822841107845,0.6431956887245178,0.0021406952291727066,0.003999373409897089,0.01593233458697796,0.013047191314399242,1.0,1.0,2.0,0.0,0.0,0.0,0.0,18.0,0.0,0.0,0.0,0.0,1.0,0.0,0.0,0.0,0.0
SemEval_2014,anecdotes_miscellaneous_anecdotes_miscellaneous,I never had an orange donut before so I gave it a shot.,explicit,True,True,True,Misclassified,14.0,1.0,3.0714285714285716,1.8308579454251852,0.9285714285714286,0.8571428571428571,0.5714285714285714,0.07142857142857142,0.21428571428571427,0.14285714285714285,0.0,0.07142857142857142,0.21428571428571427,1.0,0.6428571428571429,0.07142857142857142,4.91076923076923,0.0,0.0,0.0,0.0,0.008620856329798698,0.09168452769517899,0.0015732049942016602,0.0026069090235978365,0.011735488660633564,0.005945158191025257,0.0,0.0,0.0,1.0,0.0,0.0,0.0,13.0,0.0,0.0,0.0,0.0,1.0,0.0,0.0,0.0,0.0
SemEval_2014,anecdotes_miscellaneous_anecdotes_miscellaneous,I recomend the chicken milanese.,explicit,True,True,True,Misclassified,6.0,1.0,4.666666666666667,3.0912061651652345,1.0,1.0,0.3333333333333333,0.16666666666666666,0.3333333333333333,0.16666666666666666,0.0,0.0,0.16666666666666666,1.0,0.3333333333333333,0.16666666666666666,5.240000000000002,0.0,0.0,-0.6,0.95,0.0068024215288460255,0.01930963806807995,0.0034905108623206615,0.0041479491628706455,0.030330628156661987,0.006141192279756069,0.0,0.0,0.0,0.0,0.0,0.0,0.0,5.0,0.0,0.0,0.0,0.0,1.0,0.0,0.0,0.0,0.0
SemEval_2014,anecdotes_miscellaneous_anecdotes_miscellaneous,I recommend any of their salmon dishes......,explicit,True,True,True,Misclassified,8.0,1.0,4.75,2.436698586202241,1.0,1.0,0.5,0.75,0.25,0.25,0.0,0.0,0.25,1.0,0.5,0.75,7.368571428571428,0.0,0.0,0.0,0.0,0.007672060281038284,0.0324787013232708,0.002927482360973954,0.005436846055090427,0.0193845983594656,0.00832606852054596,0.0,1.0,0.0,0.0,0.0,0.0,0.0,7.0,0.0,0.0,0.0,0.0,1.0,0.0,0.0,0.0,0.0
SemEval_2014,anecdotes_miscellaneous_anecdotes_miscellaneous,I usually get one the Vietnamese Beef Noodle Soup.,explicit,True,True,True,Misclassified,10.0,1.0,4.2,2.6381811916545836,1.0,1.0,0.2,0.1,0.3,0.1,0.1,0.1,0.1,1.0,0.4,0.1,8.89777777777778,0.0,0.0,-0.25,0.25,0.008440849371254444,0.04084191098809242,0.0012348629534244537,0.00445167813450098,0.03741961345076561,0.008617495186626911,0.0,0.0,0.0,0.0,0.0,0.0,0.0,9.0,0.0,0.0,0.0,0.0,1.0,0.0,0.0,0.0,0.0
SemEval_2014,anecdotes_miscellaneous_anecdotes_miscellaneous,I went for restaurant week and ordered off the prix fixe menu,explicit,True,True,True,Misclassified,12.0,1.0,4.166666666666667,2.1921577396609844,1.0,1.0,0.4166666666666667,0.0,0.4166666666666667,0.16666666666666666,0.0,0.0,0.08333333333333333,1.0,0.4166666666666667,0.0,4.823333333333334,0.0,0.0,0.0,0.0,0.0049636042676866055,0.22593559324741364,0.002090663416311145,0.010766668245196342,0.0035630357451736927,0.12235704809427261,0.0,0.0,0.0,0.0,0.0,0.0,0.0,12.0,0.0,0.0,0.0,0.0,1.0,0.0,0.0,0.0,0.0
SemEval_2014,anecdotes_miscellaneous_anecdotes_miscellaneous,I would only go for the coffee which is way better than Starbucks or the like.,explicit,True,True,True,Misclassified,17.0,1.0,3.7058823529411766,1.9930675701291078,0.9411764705882353,0.8823529411764706,0.5294117647058824,0.058823529411764705,0.17647058823529413,0.11764705882352941,0.058823529411764705,0.11764705882352941,0.058823529411764705,1.0,0.6470588235294118,0.058823529411764705,5.400000000000002,0.0,0.0,0.25,0.75,0.0038587183225899935,0.04350956156849861,0.0012230343418195844,0.005407936405390501,0.003944774158298969,0.03903906047344208,0.0,1.0,1.0,1.0,0.0,0.0,0.0,16.0,0.0,0.0,0.0,0.0,1.0,0.0,0.0,0.0,0.0
SemEval_2014,anecdotes_miscellaneous_anecdotes_miscellaneous,I'm in love with the lobster ravioli!,explicit,True,True,True,Misclassified,9.0,1.0,3.4444444444444446,2.165954298846436,1.0,1.0,0.4444444444444444,0.2222222222222222,0.3333333333333333,0.1111111111111111,0.0,0.0,0.1111111111111111,1.0,0.5555555555555556,0.1111111111111111,5.682857142857145,0.0,0.0,0.625,0.6,0.004007845651358366,0.9489665627479553,0.0006951323011890054,0.006583091337233782,0.002636584686115384,0.016761615872383118,0.0,1.0,0.0,0.0,0.0,0.0,0.0,7.0,0.0,0.0,0.0,0.0,1.0,0.0,0.0,0.0,0.0
SemEval_2014,anecdotes_miscellaneous_anecdotes_miscellaneous,I've had better Japanese food at a mall food court.,explicit,True,True,True,Misclassified,12.0,1.0,3.5,2.0615528128088303,0.9166666666666666,0.8333333333333334,0.3333333333333333,0.16666666666666666,0.3333333333333333,0.16666666666666666,0.16666666666666666,0.0,0.08333333333333333,1.0,0.4166666666666667,0.08333333333333333,3.650000000000002,0.0,0.0,0.25,0.25,0.0074498290196061134,0.032869890332221985,0.007729277480393648,0.012351891957223415,0.1502896249294281,0.031207868829369545,0.0,1.0,1.0,0.0,0.0,0.0,0.0,10.0,0.0,0.0,0.0,0.0,1.0,0.0,0.0,0.0,0.0
SemEval_2014,anecdotes_miscellaneous_anecdotes_miscellaneous,If you are a Tequila fan you will not be disappointed.,explicit,True,True,True,Misclassified,12.0,1.0,3.6666666666666665,2.924988129130708,0.9166666666666666,0.8333333333333334,0.6666666666666666,0.08333333333333333,0.16666666666666666,0.25,0.0,0.08333333333333333,0.16666666666666666,1.0,0.6666666666666666,0.08333333333333333,5.863636363636363,0.0,0.08333333333333333,-0.75,0.75,0.011412296444177628,0.007680696435272694,0.0017888689180836082,0.10286307334899902,0.011209908872842789,0.03184613212943077,0.0,0.0,1.0,0.0,0.0,0.0,0.9710501432418823,9.0,0.0,0.0,0.0,2.0,0.8181818181818182,0.0,0.0,0.0,0.18181818181818182
SemEval_2014,anecdotes_miscellaneous_anecdotes_miscellaneous,"If you're in the neighborhood, definitely stop by for a great meal.",explicit,True,True,True,Misclassified,15.0,1.0,3.7333333333333334,3.08688984074406,1.0,1.0,0.4666666666666667,0.2,0.13333333333333333,0.13333333333333333,0.06666666666666667,0.06666666666666667,0.06666666666666667,1.0,0.5333333333333333,0.06666666666666667,5.806666666666668,0.0,0.13333333333333333,0.4,0.625,0.004691920708864927,0.13753530383110046,0.004296867176890373,0.0036884865257889032,0.009207429364323616,0.006876311264932156,0.0,0.0,1.0,0.0,0.0,0.0,0.9629726409912109,11.0,0.0,0.0,0.0,1.0,0.9166666666666666,0.0,0.0,0.0,0.08333333333333333
SemEval_2014,anecdotes_miscellaneous_anecdotes_miscellaneous,It's cute and simple and I loved it.,implicit,True,True,True,Misclassified,10.0,1.0,2.9,1.57797338380595,0.9,0.8,0.5,0.2,0.0,0.2,0.2,0.0,0.3,1.0,0.6,0.1,0.8049999999999997,0.0,0.0,0.39999999999999997,0.7190476190476192,0.0016248635947704315,0.9670537114143372,0.00033132373937405646,0.002466930076479912,0.0050785657949745655,0.0037517864257097244,0.0,0.0,1.0,0.0,0.0,0.0,0.0,8.0,0.0,0.0,0.0,0.0,1.0,0.0,0.0,0.0,0.0
SemEval_2014,anecdotes_miscellaneous_anecdotes_miscellaneous,Its good to go there for drinks if you don't want to get drunk because you'll be lucky if you can get one drink an hour the service is so bad.,explicit,True,True,True,Misclassified,34.0,1.0,3.2941176470588234,1.4456712620522951,0.8529411764705882,0.7352941176470589,0.5294117647058824,0.08823529411764706,0.14705882352941177,0.20588235294117646,0.08823529411764706,0.08823529411764706,0.11764705882352941,1.0,0.7058823529411765,0.029411764705882353,9.822580645161292,0.0,0.23529411764705882,-0.04166666666666666,0.775,0.02420448511838913,0.41979244351387024,0.007974172942340374,0.1719318926334381,0.25376325845718384,0.008983113802969456,0.0,1.0,1.0,1.0,0.0,0.0,0.9627745151519775,29.0,0.0,0.0,0.0,2.0,0.9354838709677419,0.0,0.0,0.0,0.06451612903225806
SemEval_2014,anecdotes_miscellaneous_anecdotes_miscellaneous,MY date and I both ordered the Branzini and both felt the fish was very average.,explicit,True,True,True,Misclassified,17.0,1.0,3.823529411764706,1.886025828456635,0.8235294117647058,0.6470588235294118,0.5882352941176471,0.058823529411764705,0.17647058823529413,0.17647058823529413,0.058823529411764705,0.058823529411764705,0.11764705882352941,1.0,0.5882352941176471,0.058823529411764705,6.137499999999999,0.0,0.058823529411764705,-0.195,0.52,0.009820645675063133,0.06007326766848564,0.007847059518098831,0.026693636551499367,0.0738365650177002,0.08877252787351608,0.0,1.0,0.0,1.0,0.0,0.0,0.0,16.0,0.0,0.0,0.0,0.0,1.0,0.0,0.0,0.0,0.0
SemEval_2014,anecdotes_miscellaneous_anecdotes_miscellaneous,My favs here are the Tacos Pastor and the Tostada de Tinga...,explicit,True,True,True,Misclassified,13.0,1.0,3.8461538461538463,1.4595127662315597,0.9230769230769231,0.8461538461538461,0.46153846153846156,0.23076923076923078,0.38461538461538464,0.07692307692307693,0.0,0.07692307692307693,0.07692307692307693,1.0,0.46153846153846156,0.23076923076923078,4.823333333333334,0.0,0.0,0.0,0.0,0.006465757731348276,0.3003416359424591,0.0013458355097100139,0.019275221973657608,0.007237735670059919,0.10183436423540115,0.0,0.0,0.0,0.0,0.0,0.0,0.0,12.0,0.0,0.0,0.0,0.0,1.0,0.0,0.0,0.0,0.0
SemEval_2014,anecdotes_miscellaneous_anecdotes_miscellaneous,"Over priced, overrated....stay away!",implicit,True,True,True,Misclassified,8.0,1.0,4.125,2.4206145913796355,1.0,1.0,0.125,0.75,0.0,0.375,0.125,0.125,0.0,1.0,0.125,0.625,12.52,0.0,0.125,0.0,0.0,0.4760197699069977,0.013736101798713207,0.0350816585123539,0.13380120694637299,0.06473170220851898,0.08045157790184021,0.0,0.0,0.0,0.0,0.0,0.0,0.0,4.0,0.0,0.0,0.0,0.0,1.0,0.0,0.0,0.0,0.0
SemEval_2014,anecdotes_miscellaneous_anecdotes_miscellaneous,"So we sat at the bar, the bartender didn't seem like he wanted to be there.",explicit,True,True,True,Misclassified,19.0,1.0,3.1578947368421053,1.842856989474905,0.9473684210526315,0.8947368421052632,0.5263157894736842,0.15789473684210525,0.10526315789473684,0.2631578947368421,0.0,0.10526315789473684,0.10526315789473684,1.0,0.631578947368421,0.05263157894736842,5.400000000000002,0.0,0.21052631578947367,0.0,0.0,0.014896896667778492,0.004024103283882141,0.012571285478770733,0.03262798860669136,0.5248105525970459,0.05331087484955788,0.0,1.0,0.0,2.0,0.0,0.0,0.9541863203048706,15.0,0.0,1.0,0.0,0.0,0.9375,0.0,0.0625,0.0,0.0
SemEval_2014,anecdotes_miscellaneous_anecdotes_miscellaneous,THEY HAVE WAITERS ON THE SIDEWALK TRYING TO PULL YOU IN WHICH MADE US SUSPICIOUS.,explicit,True,True,True,Misclassified,16.0,1.0,4.1875,2.4036105653786763,1.0,1.0,0.5,0.0625,0.8125,0.125,0.0,0.0,0.0,1.0,0.625,0.0625,5.993333333333336,0.0,0.125,0.0,0.0,0.47232478857040405,0.00622689351439476,0.05315249040722847,0.024662179872393608,0.1810235232114792,0.01188922580331564,0.0,0.0,0.0,0.0,0.0,0.0,0.0,15.0,0.0,0.0,0.0,0.0,1.0,0.0,0.0,0.0,0.0
SemEval_2014,anecdotes_miscellaneous_anecdotes_miscellaneous,"The ambiance was pretty cool, but not worth the hassle.",explicit,True,True,True,Misclassified,12.0,1.0,3.8333333333333335,1.9930434571835662,1.0,1.0,0.4166666666666667,0.16666666666666666,0.16666666666666666,0.08333333333333333,0.08333333333333333,0.16666666666666666,0.0,1.0,0.4166666666666667,0.08333333333333333,4.830000000000002,0.0,0.0,0.15,0.5833333333333334,0.005809057969599962,0.6045657992362976,0.0043820482678711414,0.04520779103040695,0.08601120859384537,0.009764564223587513,1.0,0.0,1.0,0.0,0.0,0.0,0.0,10.0,0.0,0.0,0.0,0.0,1.0,0.0,0.0,0.0,0.0
SemEval_2014,anecdotes_miscellaneous_anecdotes_miscellaneous,The food is consistant and good but how it got name Best Diner In Manhattan is beyond me.,explicit,True,True,True,Misclassified,19.0,1.0,3.789473684210526,2.2844773067590216,0.9473684210526315,0.8947368421052632,0.47368421052631576,0.05263157894736842,0.21052631578947367,0.15789473684210525,0.10526315789473684,0.05263157894736842,0.10526315789473684,1.0,0.5789473684210527,0.05263157894736842,7.163333333333334,0.0,0.0,0.85,0.45000000000000007,0.007098577916622162,0.14325115084648132,0.0010388123337179422,0.007333681453019381,0.02898966148495674,0.02199864387512207,1.0,0.0,0.0,0.0,0.0,0.0,0.0,18.0,0.0,0.0,0.0,0.0,1.0,0.0,0.0,0.0,0.0
SemEval_2014,anecdotes_miscellaneous_anecdotes_miscellaneous,The lack of AC and the fact that there are a million swarming bodies (although everyone is polite and no one is pushing) is a slight turn off.,explicit,True,True,True,Misclassified,31.0,1.0,3.7096774193548385,2.2171406809599463,0.8709677419354839,0.7741935483870968,0.4838709677419355,0.0967741935483871,0.25806451612903225,0.16129032258064516,0.06451612903225806,0.0,0.0,1.0,0.5806451612903226,0.03225806451612903,10.922857142857143,0.0,0.0967741935483871,-0.16666666666666666,0.16666666666666666,0.0047875442542135715,0.0034151580184698105,0.0031037903390824795,0.003845218336209655,0.008434037677943707,0.015085739083588123,1.0,0.0,0.0,0.0,0.0,0.0,0.0,28.0,0.0,0.0,0.0,0.0,1.0,0.0,0.0,0.0,0.0
SemEval_2014,anecdotes_miscellaneous_anecdotes_miscellaneous,"The new menu has a few creative items,they were smart enough to keep some of the old favorites (but they raised the prices), the staff is friendly most of the time, but I must agree with the person that wrote about their favorite words: No, can't, sorry..., boy, they won't bend the rules for anyone.",explicit,True,True,True,Misclassified,70.0,1.0,3.5142857142857142,1.8878775470493474,0.7714285714285715,0.6857142857142857,0.4142857142857143,0.22857142857142856,0.14285714285714285,0.12857142857142856,0.1,0.05714285714285714,0.07142857142857142,1.0,0.5142857142857142,0.05714285714285714,10.796818181818185,0.0,0.05714285714285714,0.16256493506493505,0.5897402597402598,0.0254527535289526,0.09483228623867035,0.0061576394364237785,0.3253679871559143,0.05497797578573227,0.030694954097270966,1.0,2.0,4.0,2.0,0.0,0.0,0.0,55.0,0.0,0.0,0.0,0.0,1.0,0.0,0.0,0.0,0.0
SemEval_2014,anecdotes_miscellaneous_anecdotes_miscellaneous,"The service was a bit slow and the portions are a bit small so if you are hungry and in a rush, this is not the place for you.",explicit,True,True,True,Misclassified,31.0,1.0,3.161290322580645,1.6480051321864262,0.7741935483870968,0.5806451612903226,0.6451612903225806,0.06451612903225806,0.1935483870967742,0.12903225806451613,0.0967741935483871,0.06451612903225806,0.06451612903225806,1.0,0.6451612903225806,0.03225806451612903,8.740689655172414,0.0,0.06451612903225806,-0.275,0.4,0.009759774431586266,0.0023446218110620975,0.008862687274813652,0.059258684515953064,0.04357094317674637,0.028956104069948196,0.0,0.0,0.0,1.0,0.0,0.0,0.950594961643219,28.0,0.0,0.0,0.0,1.0,0.9655172413793104,0.0,0.0,0.0,0.034482758620689655
SemEval_2014,anecdotes_miscellaneous_anecdotes_miscellaneous,"The service was pretty poor all around, the food was well below average relative to the cost, and outside there is a crazy bum who harasses every customer who leaves the place.",explicit,True,True,True,Misclassified,35.0,1.0,4.142857142857143,2.0444050079998077,0.8571428571428571,0.7428571428571429,0.42857142857142855,0.08571428571428572,0.17142857142857143,0.14285714285714285,0.11428571428571428,0.08571428571428572,0.0,1.0,0.5142857142857142,0.02857142857142857,14.590000000000003,0.0,0.02857142857142857,-0.15,0.49166666666666664,0.11030833423137665,0.0006694014300592244,0.007391395978629589,0.01096816174685955,0.8429092764854431,0.0032431178260594606,1.0,0.0,0.0,0.0,0.0,0.0,0.0,32.0,0.0,0.0,0.0,0.0,1.0,0.0,0.0,0.0,0.0
SemEval_2014,anecdotes_miscellaneous_anecdotes_miscellaneous,This place has the best pizza.,explicit,True,True,True,Misclassified,7.0,1.0,3.5714285714285716,1.2936264483053452,1.0,1.0,0.42857142857142855,0.14285714285714285,0.2857142857142857,0.14285714285714285,0.14285714285714285,0.0,0.0,1.0,0.42857142857142855,0.14285714285714285,0.5166666666666693,0.0,0.0,1.0,0.3,0.01004097517579794,0.21694381535053253,0.0022900672629475594,0.006787108723074198,0.07262179255485535,0.043969180434942245,1.0,0.0,0.0,0.0,0.0,0.0,0.0,6.0,0.0,0.0,0.0,0.0,1.0,0.0,0.0,0.0,0.0
SemEval_2014,anecdotes_miscellaneous_anecdotes_miscellaneous,"Two complaints- their appetizer selection stinks, it would be nice to get some mozzarella sticks on the menu.",explicit,True,True,True,Misclassified,20.0,1.0,4.6,2.956349099818897,1.0,1.0,0.35,0.15,0.3,0.1,0.1,0.0,0.1,1.0,0.5,0.05,9.785555555555558,0.0,0.1,0.0,0.75,0.02103756181895733,0.03222884237766266,0.003706870134919882,0.11056223511695862,0.4509755074977875,0.0071659209206700325,0.0,0.0,1.0,1.0,0.0,0.0,0.0,18.0,0.0,0.0,0.0,0.0,1.0,0.0,0.0,0.0,0.0
SemEval_2014,anecdotes_miscellaneous_anecdotes_miscellaneous,We always enjoy the pizza.,explicit,True,True,True,Misclassified,6.0,1.0,3.6666666666666665,1.7950549357115015,1.0,1.0,0.3333333333333333,0.16666666666666666,0.16666666666666666,0.16666666666666666,0.0,0.16666666666666666,0.16666666666666666,1.0,0.5,0.16666666666666666,5.240000000000002,0.0,0.0,0.4,0.5,0.0019299488049000502,0.9538522958755493,0.0003051005187444389,0.0032940683886408806,0.0029451395384967327,0.003442424116656184,0.0,0.0,0.0,0.0,0.0,0.0,0.0,5.0,0.0,0.0,0.0,0.0,1.0,0.0,0.0,0.0,0.0
SemEval_2014,anecdotes_miscellaneous_anecdotes_miscellaneous,We came across this restaurant by accident while at a DUMBO art festival and thoroughly enjoyed our meal.,explicit,True,True,True,Misclassified,19.0,1.0,4.631578947368421,2.757010706043957,1.0,1.0,0.42105263157894735,0.05263157894736842,0.3157894736842105,0.10526315789473684,0.0,0.05263157894736842,0.10526315789473684,1.0,0.47368421052631576,0.05263157894736842,11.096666666666668,0.0,0.05263157894736842,0.5,0.7,0.0021921545267105103,0.9567042589187622,0.000952594040427357,0.0011023334227502346,0.00630551390349865,0.006742611061781645,0.0,0.0,0.0,0.0,0.0,0.0,0.0,18.0,0.0,0.0,0.0,0.0,1.0,0.0,0.0,0.0,0.0
SemEval_2014,anecdotes_miscellaneous_anecdotes_miscellaneous,We ordered a glass of wine and were finished eating and paying before the wine came.,explicit,True,True,True,Misclassified,17.0,1.0,4.0588235294117645,1.9843679756980002,0.8823529411764706,0.7647058823529411,0.47058823529411764,0.058823529411764705,0.23529411764705882,0.29411764705882354,0.0,0.0,0.058823529411764705,1.0,0.47058823529411764,0.058823529411764705,6.137499999999999,0.0,0.17647058823529413,0.0,0.0,0.028026914224028587,0.053676873445510864,0.008371329866349697,0.010861702263355255,0.547944962978363,0.004712921101599932,0.0,0.0,0.0,0.0,0.0,0.0,0.0,16.0,0.0,0.0,0.0,0.0,1.0,0.0,0.0,0.0,0.0
SemEval_2014,anecdotes_miscellaneous_anecdotes_miscellaneous,"We went there, no one greeted us.",implicit,True,True,True,Misclassified,9.0,1.0,3.0,1.8856180831641267,1.0,1.0,0.3333333333333333,0.2222222222222222,0.1111111111111111,0.2222222222222222,0.0,0.1111111111111111,0.2222222222222222,1.0,0.5555555555555556,0.1111111111111111,0.6257142857142846,0.0,0.1111111111111111,0.0,0.0,0.13398006558418274,0.002028602408245206,0.060023654252290726,0.29444435238838196,0.4175027012825012,0.04819555580615997,0.0,0.0,0.0,0.0,0.0,0.0,0.0,7.0,0.0,0.0,0.0,0.0,1.0,0.0,0.0,0.0,0.0
SemEval_2014,anecdotes_miscellaneous_anecdotes_miscellaneous,"You must try Odessa stew or Rabbit stew; salads-all good; and kompot is soo refreshing during the hot summer day (they make it the way my mom does, reminds me of home a lot).",explicit,True,True,True,Misclassified,40.0,1.0,3.525,2.179306082219751,0.925,0.85,0.35,0.175,0.25,0.2,0.075,0.0,0.125,1.0,0.40476190476190477,0.025,13.28764705882353,0.0,0.075,0.48333333333333334,0.8166666666666668,0.005232272204011679,0.7422009706497192,0.0009062240133062005,0.007454299367964268,0.011098688468337059,0.00652434304356575,1.0,0.0,1.0,0.0,0.0,0.0,0.0,34.0,0.0,0.0,0.0,0.0,1.0,0.0,0.0,0.0,0.0
SemEval_2014,anecdotes_miscellaneous_anecdotes_miscellaneous,i dont know what some people who rave about this hot dog are talking about.,explicit,True,True,True,Misclassified,16.0,1.0,3.8125,1.5090870584562046,0.9375,0.875,0.5,0.0625,0.1875,0.25,0.125,0.0,0.0,1.0,0.5294117647058824,0.0625,5.206666666666667,0.0,0.0625,0.25,0.8500000000000001,0.09367982298135757,0.09382408112287521,0.008183472789824009,0.024713540449738503,0.05201075226068497,0.6375289559364319,0.0,2.0,0.0,0.0,0.0,0.0,0.0,15.0,0.0,0.0,0.0,0.0,1.0,0.0,0.0,0.0,0.0
SemEval_2014,anecdotes_miscellaneous_anecdotes_miscellaneous,i have eaten here on a different occasion - the food is mediocre for the prices.,explicit,True,True,True,Misclassified,17.0,1.0,3.823529411764706,2.525989476892222,0.9411764705882353,0.8823529411764706,0.5294117647058824,0.11764705882352941,0.23529411764705882,0.23529411764705882,0.058823529411764705,0.058823529411764705,0.0,1.0,0.5294117647058824,0.058823529411764705,9.140000000000004,0.0,0.058823529411764705,-0.25,0.8,0.0296389851719141,0.03649633377790451,0.001726715941913426,0.8739333152770996,0.032156143337488174,0.015550317242741585,0.0,0.0,0.0,0.0,0.0,0.0,0.0,16.0,0.0,0.0,0.0,0.0,1.0,0.0,0.0,0.0,0.0
SemEval_2014,anecdotes_miscellaneous_anecdotes_miscellaneous,then she made a fuss about not being able to add 1 or 2 chairs on either end of the table for additional people.,explicit,True,True,True,Misclassified,25.0,1.0,3.56,2.0411761315476915,1.0,1.0,0.48,0.04,0.2,0.12,0.08,0.08,0.04,1.0,0.56,0.04,9.995000000000001,0.0,0.04,0.5,0.625,0.4449194371700287,0.006814057007431984,0.008618648163974285,0.04567016288638115,0.14767661690711975,0.12640886008739471,0.0,0.0,0.0,0.0,0.0,0.0,0.0,24.0,0.0,0.0,0.0,0.0,1.0,0.0,0.0,0.0,0.0
SemEval_2015,RESTAURANT#GENERAL_RESTAURANT#GENERAL,And even more so unpleasant because it was so costly for such an unpleasant experience.,implicit,True,True,True,Misclassified,16.0,1.0,4.5625,2.9993488876754566,0.875,0.75,0.625,0.0625,0.0625,0.0625,0.25,0.25,0.0625,1.0,0.6875,0.0625,9.92666666666667,0.0,0.125,-0.19999999999999996,0.725,0.01796034723520279,0.002045709639787674,0.03936483711004257,0.2496984750032425,0.6629531383514404,0.003125071059912443,0.0,0.0,0.0,2.0,0.0,0.0,0.0,15.0,0.0,0.0,0.0,0.0,1.0,0.0,0.0,0.0,0.0
SemEval_2015,RESTAURANT#GENERAL_RESTAURANT#GENERAL,"At $120 for two people, however, this in no way represents value, unless you're looking to pay by the hour for passive-aggressive torture.",implicit,True,True,True,Misclassified,29.0,1.0,4.0,3.434108828834034,0.896551724137931,0.8275862068965517,0.3448275862068966,0.2413793103448276,0.1724137931034483,0.13793103448275862,0.034482758620689655,0.034482758620689655,0.034482758620689655,1.0,0.45161290322580644,0.034482758620689655,11.849565217391305,0.0,0.10344827586206896,0.0,0.0,0.08177591860294342,0.0026304705534130335,0.006692038848996162,0.009074414148926735,0.4221750795841217,0.008448226377367973,0.0,0.0,0.0,2.0,0.0,0.0,0.9035964608192444,22.0,0.0,0.0,0.0,1.0,0.9565217391304348,0.0,0.0,0.0,0.043478260869565216
SemEval_2015,RESTAURANT#GENERAL_RESTAURANT#GENERAL,"Bukhara Grill, the tagline says it all.. ""INDIAN SPICE RAVE""",explicit,True,True,True,Misclassified,14.0,1.0,3.7857142857142856,1.8965597210502505,1.0,1.0,0.21428571428571427,0.35714285714285715,0.42857142857142855,0.14285714285714285,0.0,0.0,0.07142857142857142,1.0,0.21428571428571427,0.14285714285714285,1.7000000000000028,0.0,0.0,0.0,0.0,0.009024692699313164,0.004925642162561417,0.0016823949990794063,0.005408070050179958,0.004951910115778446,0.06369534879922867,0.0,1.0,0.0,0.0,0.0,0.0,0.0,10.0,0.0,0.0,0.0,0.0,1.0,0.0,0.0,0.0,0.0
SemEval_2015,RESTAURANT#GENERAL_RESTAURANT#GENERAL,"But nonetheless--great spot, great food.",explicit,True,True,True,Misclassified,9.0,1.0,4.0,2.8674417556808756,0.8888888888888888,0.7777777777777778,0.1111111111111111,0.4444444444444444,0.2222222222222222,0.0,0.2222222222222222,0.1111111111111111,0.0,1.0,0.1111111111111111,0.1111111111111111,2.879999999999999,0.0,0.0,0.8,0.75,0.004288113210350275,0.9404973387718201,0.0013791474048048258,0.008021833375096321,0.011597813107073307,0.011478896252810955,0.0,0.0,1.0,0.0,0.0,0.0,0.0,5.0,0.0,0.0,0.0,0.0,1.0,0.0,0.0,0.0,0.0
SemEval_2015,RESTAURANT#GENERAL_RESTAURANT#GENERAL,Everything was going good until we got our meals.,implicit,True,True,True,Misclassified,10.0,1.0,4.1,2.3430749027719964,1.0,1.0,0.4,0.1,0.2,0.3,0.1,0.0,0.2,1.0,0.5,0.1,6.2755555555555596,0.0,0.2,0.7,0.6000000000000001,0.009444941766560078,0.6410413980484009,0.005248579196631908,0.011336946859955788,0.01062790211290121,0.006853364408016205,0.0,0.0,0.0,0.0,0.0,0.0,0.0,9.0,0.0,0.0,0.0,0.0,1.0,0.0,0.0,0.0,0.0
SemEval_2015,RESTAURANT#GENERAL_RESTAURANT#GENERAL,"For me dishes a little oily, but overall dining experience good.",implicit,True,True,True,Misclassified,13.0,1.0,4.153846153846154,2.6266724736867495,1.0,1.0,0.3076923076923077,0.15384615384615385,0.23076923076923078,0.07692307692307693,0.15384615384615385,0.07692307692307693,0.07692307692307693,1.0,0.3076923076923077,0.07692307692307693,10.154545454545456,0.0,0.0,0.1708333333333333,0.3666666666666667,0.005866142921149731,0.37439271807670593,0.005114150233566761,0.07708454877138138,0.3261706233024597,0.006508004851639271,0.0,0.0,0.0,0.0,0.0,0.0,0.0,11.0,0.0,0.0,0.0,0.0,1.0,0.0,0.0,0.0,0.0
SemEval_2015,RESTAURANT#GENERAL_RESTAURANT#GENERAL,"Going to Bark is always worth the train ride, and will make your tongue and belly very happy!",explicit,True,True,True,Misclassified,20.0,1.0,3.8,1.4352700094407322,0.95,0.9,0.4,0.1,0.2,0.15,0.05,0.15,0.05,1.0,0.5,0.05,6.507777777777779,0.0,0.05,0.65,0.55,0.002693982794880867,0.9360760450363159,0.0003860113210976124,0.00425248546525836,0.003625955432653427,0.007877030409872532,0.0,0.0,3.0,1.0,0.0,0.0,0.0,18.0,0.0,0.0,0.0,0.0,1.0,0.0,0.0,0.0,0.0
SemEval_2015,RESTAURANT#GENERAL_RESTAURANT#GENERAL,Highly impressed from the decor to the food to the hospitality to the great night I had!,implicit,True,True,True,Misclassified,18.0,1.0,4.0,2.5385910352879693,0.7222222222222222,0.6111111111111112,0.5555555555555556,0.05555555555555555,0.2222222222222222,0.1111111111111111,0.05555555555555555,0.05555555555555555,0.05555555555555555,1.0,0.5555555555555556,0.05555555555555555,7.698823529411765,0.0,0.0,1.0,0.875,0.007683015428483486,0.02561681903898716,0.0018732553580775857,0.0017648309003561735,0.006594679784029722,0.9224711656570435,0.0,0.0,1.0,0.0,0.0,0.0,0.0,17.0,0.0,0.0,0.0,0.0,1.0,0.0,0.0,0.0,0.0
SemEval_2015,RESTAURANT#GENERAL_RESTAURANT#GENERAL,I completely recommend Casa La Femme for any special occasion and to REALLY impress your date.,explicit,True,True,True,Misclassified,17.0,1.0,4.647058823529412,2.677601570997892,1.0,1.0,0.35294117647058826,0.058823529411764705,0.35294117647058826,0.11764705882352941,0.058823529411764705,0.058823529411764705,0.11764705882352941,1.0,0.4117647058823529,0.058823529411764705,10.562500000000004,0.0,0.0,0.21904761904761907,0.3904761904761905,0.008868246339261532,0.6557251811027527,0.004417044576257467,0.0029808387625962496,0.005210008472204208,0.09655263274908066,1.0,1.0,0.0,0.0,0.0,0.0,0.0,16.0,0.0,0.0,0.0,0.0,1.0,0.0,0.0,0.0,0.0
SemEval_2015,RESTAURANT#GENERAL_RESTAURANT#GENERAL,"I have it a 4 instead of 5 because of the price (just chicken tikka masala - no bread of rice - is $25), which I would expect at a upscale Indian restaurant but this place doesn't have an upscale feel.",explicit,True,True,True,Misclassified,47.0,1.0,3.425531914893617,2.2573254825318885,0.851063829787234,0.723404255319149,0.44680851063829785,0.1702127659574468,0.1276595744680851,0.1276595744680851,0.06382978723404255,0.06382978723404255,0.06382978723404255,1.0,0.48936170212765956,0.02127659574468085,15.05076923076923,0.0,0.02127659574468085,-0.6,0.95,0.003391688223928213,0.01189939770847559,0.0011528490576893091,0.009835516102612019,0.015386697836220264,0.05644381418824196,1.0,0.0,1.0,1.0,0.0,0.0,0.9016545414924622,40.0,1.0,0.0,0.0,0.0,0.975609756097561,0.024390243902439025,0.0,0.0,0.0
SemEval_2015,RESTAURANT#GENERAL_RESTAURANT#GENERAL,"I was so stunned, and I left the dinner hungry and majorly disappointing.",implicit,True,True,True,Misclassified,15.0,1.0,4.066666666666666,3.172100600898752,0.8666666666666667,0.7333333333333333,0.4666666666666667,0.13333333333333333,0.13333333333333333,0.13333333333333333,0.2,0.06666666666666667,0.13333333333333333,1.0,0.4666666666666667,0.06666666666666667,7.633846153846157,0.0,0.0,-0.3,0.35,0.0052927094511687756,0.001092086429707706,0.003955548629164696,0.002454976085573435,0.003767024027183652,0.9723055362701416,0.0,0.0,1.0,1.0,0.0,0.0,0.0,13.0,0.0,0.0,0.0,0.0,1.0,0.0,0.0,0.0,0.0
SemEval_2015,RESTAURANT#GENERAL_RESTAURANT#GENERAL,I was visiting New York City with a friend and we discovered this really warm and inviting restaurant.,explicit,True,True,True,Misclassified,19.0,1.0,4.473684210526316,2.740887698166639,0.9473684210526315,0.8947368421052632,0.42105263157894735,0.05263157894736842,0.2631578947368421,0.15789473684210525,0.10526315789473684,0.05263157894736842,0.10526315789473684,1.0,0.47368421052631576,0.05263157894736842,9.785555555555558,0.0,0.0,0.36818181818181817,0.5272727272727272,0.0020421515218913555,0.9172824025154114,0.001355529180727899,0.002969184424728155,0.006463662255555391,0.01334195677191019,1.0,0.0,0.0,0.0,0.0,0.0,0.0,18.0,0.0,0.0,0.0,0.0,1.0,0.0,0.0,0.0,0.0
SemEval_2015,RESTAURANT#GENERAL_RESTAURANT#GENERAL,"If you go here, do it on his off-night.",implicit,True,True,True,Misclassified,11.0,1.0,2.8181818181818183,2.124240262826895,1.0,1.0,0.6363636363636364,0.2727272727272727,0.09090909090909091,0.18181818181818182,0.0,0.09090909090909091,0.2727272727272727,1.0,0.6923076923076923,0.09090909090909091,-0.27999999999999936,0.0,0.18181818181818182,0.0,0.0,0.04749006778001785,0.006317345891147852,0.0327814556658268,0.017715342342853546,0.045713093131780624,0.006832074373960495,0.0,0.0,0.0,0.0,0.0,0.0,0.962914764881134,8.0,0.0,0.0,0.0,1.0,0.8888888888888888,0.0,0.0,0.0,0.1111111111111111
SemEval_2015,RESTAURANT#GENERAL_RESTAURANT#GENERAL,More Williamsburg Garbage,implicit,True,True,True,Misclassified,3.0,1.0,7.666666666666667,3.2998316455372216,1.0,1.0,0.3333333333333333,0.0,0.3333333333333333,0.0,0.3333333333333333,0.3333333333333333,0.0,1.0,0.3333333333333333,0.0,9.180000000000003,0.0,0.0,0.5,0.5,0.04418206214904785,0.004818067420274019,0.009103753603994846,0.14210110902786255,0.5463653802871704,0.017529789358377457,0.0,0.0,0.0,0.0,0.0,0.0,0.0,3.0,0.0,0.0,0.0,0.0,1.0,0.0,0.0,0.0,0.0
SemEval_2015,RESTAURANT#GENERAL_RESTAURANT#GENERAL,Pacifico is a great place to casually hang out.,explicit,True,True,True,Misclassified,10.0,1.0,3.9,2.4677925358506134,1.0,1.0,0.4,0.1,0.2,0.2,0.1,0.1,0.0,1.0,0.4,0.1,7.58666666666667,0.0,0.0,0.14999999999999997,0.8083333333333333,0.003516528522595763,0.7048292756080627,0.0038996930234134197,0.004683183040469885,0.01189990434795618,0.013072323985397816,0.0,0.0,1.0,0.0,0.0,0.0,0.0,9.0,0.0,0.0,0.0,0.0,1.0,0.0,0.0,0.0,0.0
SemEval_2015,RESTAURANT#GENERAL_RESTAURANT#GENERAL,"The food was excellent as well as service, however, I left The Four Seasons very dissappointed.",explicit,True,True,True,Misclassified,19.0,1.0,4.2105263157894735,3.0707267675399623,0.8421052631578947,0.6842105263157895,0.3684210526315789,0.15789473684210525,0.21052631578947367,0.15789473684210525,0.05263157894736842,0.21052631578947367,0.05263157894736842,1.0,0.5263157894736842,0.05263157894736842,10.562500000000004,0.0,0.10526315789473684,0.39999999999999997,0.43333333333333335,0.003998518455773592,0.014210730791091919,0.0007996605709195137,0.8481744527816772,0.018317168578505516,0.019203240051865578,1.0,0.0,0.0,2.0,0.0,0.0,0.0,16.0,0.0,0.0,0.0,0.0,1.0,0.0,0.0,0.0,0.0
SemEval_2015,RESTAURANT#GENERAL_RESTAURANT#GENERAL,The place is beautiful!,explicit,True,True,True,Misclassified,5.0,1.0,4.0,2.8284271247461903,1.0,1.0,0.4,0.2,0.2,0.2,0.2,0.0,0.0,1.0,0.4,0.2,3.6700000000000017,0.0,0.0,1.0,1.0,0.0034391828812658787,0.9307325482368469,0.0017245019553229213,0.0022663427516818047,0.0037325199227780104,0.04392854496836662,1.0,0.0,1.0,0.0,0.0,0.0,0.0,4.0,0.0,0.0,0.0,0.0,1.0,0.0,0.0,0.0,0.0
SemEval_2015,RESTAURANT#GENERAL_RESTAURANT#GENERAL,There is something about their atmosphere that makes me come back nearly every week.,explicit,True,True,True,Misclassified,15.0,1.0,4.733333333333333,2.2939534045447,1.0,1.0,0.4,0.06666666666666667,0.2,0.2,0.0,0.13333333333333333,0.13333333333333333,1.0,0.6,0.06666666666666667,7.570000000000004,0.0,0.06666666666666667,0.05,0.2,0.008742805570363998,0.06778255850076675,0.00873616337776184,0.006039552390575409,0.020813364535570145,0.06399393826723099,0.0,0.0,0.0,0.0,0.0,0.0,0.0,14.0,0.0,0.0,0.0,0.0,1.0,0.0,0.0,0.0,0.0
SemEval_2015,RESTAURANT#GENERAL_RESTAURANT#GENERAL,"This is one of my favorite spot, very relaxing the food is great all the times , celebrated my engagement and my wedding here , it was very well organized .",implicit,True,True,True,Misclassified,32.0,1.0,3.9375,2.560975156068485,0.78125,0.625,0.5,0.125,0.15625,0.1875,0.0625,0.125,0.125,1.0,0.5625,0.03125,13.030000000000005,0.0,0.0625,0.41000000000000003,0.6199999999999999,0.0009268981521017849,0.9873331785202026,0.00024750494048930705,0.0027114490512758493,0.000720171956345439,0.003201272338628769,0.0,0.0,3.0,1.0,0.0,0.0,0.0,31.0,0.0,0.0,0.0,0.0,1.0,0.0,0.0,0.0,0.0
SemEval_2015,RESTAURANT#GENERAL_RESTAURANT#GENERAL,This place has ruined me for neighborhood sushi.,explicit,True,True,True,Misclassified,9.0,1.0,4.555555555555555,3.0225490019412096,1.0,1.0,0.4444444444444444,0.1111111111111111,0.3333333333333333,0.2222222222222222,0.0,0.0,0.1111111111111111,1.0,0.4444444444444444,0.1111111111111111,5.230000000000004,0.0,0.0,0.0,0.0,0.050985708832740784,0.0009934812551364303,0.0037453314289450645,0.05875147134065628,0.8578284978866577,0.0024835383519530296,0.0,0.0,0.0,0.0,0.0,0.0,0.0,8.0,0.0,0.0,0.0,0.0,1.0,0.0,0.0,0.0,0.0
SemEval_2015,RESTAURANT#GENERAL_RESTAURANT#GENERAL,This place survives on reputation alone.,explicit,True,True,True,Misclassified,7.0,1.0,5.0,2.9277002188455996,1.0,1.0,0.2857142857142857,0.14285714285714285,0.2857142857142857,0.14285714285714285,0.0,0.14285714285714285,0.0,1.0,0.42857142857142855,0.14285714285714285,8.383333333333333,0.0,0.0,0.0,0.0,0.008454992435872555,0.1664542853832245,0.002337974961847067,0.007215913850814104,0.0421619676053524,0.008929336443543434,0.0,0.0,0.0,0.0,0.0,0.0,0.0,6.0,0.0,0.0,0.0,0.0,1.0,0.0,0.0,0.0,0.0
SemEval_2015,RESTAURANT#GENERAL_RESTAURANT#GENERAL,"Very, very nice",implicit,True,True,True,Misclassified,4.0,1.0,3.25,1.299038105676658,1.0,1.0,0.5,0.25,0.0,0.0,0.25,0.5,0.0,1.0,0.5,0.0,5.246666666666666,0.0,0.0,0.78,1.0,0.002979428041726351,0.7743659615516663,0.0014912569895386696,0.011323169805109501,0.010282055474817753,0.02467361092567444,0.0,0.0,1.0,1.0,0.0,0.0,0.0,3.0,0.0,0.0,0.0,0.0,1.0,0.0,0.0,0.0,0.0
SemEval_2015,RESTAURANT#GENERAL_RESTAURANT#GENERAL,"Wish NY had more of these kind of places: intimate, superb food, homey, top notch all the way around, certainly worth the wait.",implicit,True,True,True,Misclassified,29.0,1.0,3.6206896551724137,2.0747046836539758,0.8275862068965517,0.7241379310344828,0.27586206896551724,0.20689655172413793,0.3448275862068966,0.034482758620689655,0.10344827586206896,0.034482758620689655,0.0,1.0,0.3448275862068966,0.034482758620689655,9.284347826086957,0.0,0.0,0.5166666666666666,0.6,0.0021088309586048126,0.19125187397003174,0.0037471510004252195,0.015615308657288551,0.02567901648581028,0.029380064457654953,2.0,2.0,3.0,0.0,0.0,0.0,0.0,23.0,0.0,0.0,0.0,0.0,1.0,0.0,0.0,0.0,0.0
SemEval_2015,RESTAURANT#GENERAL_RESTAURANT#GENERAL,"never swaying, never a bad meal, never bad service...",implicit,True,True,True,Misclassified,12.0,1.0,3.75,2.0463381929681126,0.6666666666666666,0.4166666666666667,0.08333333333333333,0.4166666666666667,0.25,0.0,0.16666666666666666,0.25,0.0,1.0,0.3333333333333333,0.25,6.2755555555555596,0.0,0.0,0.3499999999999999,0.6666666666666666,0.15210352838039398,0.040000367909669876,0.025943996384739876,0.03718559071421623,0.2505514919757843,0.00418655714020133,0.0,0.0,0.0,0.0,0.0,0.0,0.0,9.0,0.0,0.0,0.0,0.0,1.0,0.0,0.0,0.0,0.0
SemEval_2015,RESTAURANT#GENERAL_RESTAURANT#GENERAL,not only is the food,implicit,True,True,True,Misclassified,5.0,1.0,3.2,0.7483314773547882,1.0,1.0,0.8,0.0,0.2,0.2,0.0,0.4,0.0,1.0,0.8,0.0,0.5199999999999996,0.0,0.0,0.0,1.0,0.02328580431640148,0.008348002098500729,0.0063566179014742374,0.05212244763970375,0.043534718453884125,0.2001228779554367,0.0,0.0,0.0,0.0,0.0,0.0,0.0,5.0,0.0,0.0,0.0,0.0,1.0,0.0,0.0,0.0,0.0
SemEval_2016,FOOD#QUALITY_FOOD#QUALITY,– The pepperoni's cut real thick--Yum.,explicit,True,True,True,Misclassified,10.0,1.0,3.3,2.238302928559939,1.0,1.0,0.1,0.4,0.4,0.0,0.1,0.0,0.0,1.0,0.2,0.1,5.240000000000002,0.0,0.0,0.2,0.30000000000000004,0.019683467224240303,0.02900216169655323,0.004639253951609135,0.022660238668322563,0.5682973265647888,0.032567039132118225,0.0,0.0,0.0,0.0,0.0,0.0,0.0,6.0,0.0,0.0,0.0,0.0,1.0,0.0,0.0,0.0,0.0
SemEval_2016,RESTAURANT#GENERAL_RESTAURANT#GENERAL,A perfect place to take out of town guests any time of the year.,explicit,True,True,True,Misclassified,15.0,1.0,3.4,1.665332799572906,0.9333333333333333,0.8666666666666667,0.4666666666666667,0.06666666666666667,0.3333333333333333,0.06666666666666667,0.06666666666666667,0.0,0.0,1.0,0.5333333333333333,0.06666666666666667,3.355714285714285,0.0,0.0,1.0,1.0,0.0026456729974597692,0.8134559988975525,0.0028167609125375748,0.006234598346054554,0.00567330326884985,0.017895547673106194,1.0,1.0,1.0,0.0,0.0,0.0,0.0,14.0,0.0,0.0,0.0,0.0,1.0,0.0,0.0,0.0,0.0
SemEval_2016,RESTAURANT#GENERAL_RESTAURANT#GENERAL,AMAZING.,implicit,True,True,True,Misclassified,2.0,1.0,4.0,3.0,1.0,1.0,0.0,0.5,0.5,0.0,0.0,0.0,0.0,1.0,0.0,0.5,20.200000000000006,0.0,0.0,0.6000000000000001,0.9,0.003263428108766675,0.667464017868042,0.006925847847014666,0.009107685647904873,0.002205283846706152,0.2739720642566681,1.0,0.0,1.0,0.0,0.0,0.0,0.0,1.0,0.0,0.0,0.0,0.0,1.0,0.0,0.0,0.0,0.0
SemEval_2016,RESTAURANT#GENERAL_RESTAURANT#GENERAL,Always a winner.,implicit,True,True,True,Misclassified,4.0,1.0,3.5,2.5,1.0,1.0,0.25,0.25,0.25,0.25,0.0,0.0,0.0,1.0,0.5,0.25,5.246666666666666,0.0,0.0,0.0,0.0,0.01304138358682394,0.4668791890144348,0.0013203618582338095,0.010808330960571766,0.005000117234885693,0.0448203980922699,0.0,0.0,0.0,0.0,0.0,0.0,0.0,3.0,0.0,0.0,0.0,0.0,1.0,0.0,0.0,0.0,0.0
SemEval_2016,RESTAURANT#GENERAL_RESTAURANT#GENERAL,Always good.,implicit,True,True,True,Misclassified,3.0,1.0,3.6666666666666665,2.0548046676563256,1.0,1.0,0.0,0.3333333333333333,0.0,0.0,0.3333333333333333,0.3333333333333333,0.0,1.0,0.3333333333333333,0.3333333333333333,2.890000000000004,0.0,0.0,0.7,0.6000000000000001,0.006241948343813419,0.6596686244010925,0.0010988217545673251,0.006716588512063026,0.0076813162304461,0.008703125640749931,0.0,0.0,0.0,0.0,0.0,0.0,0.0,2.0,0.0,0.0,0.0,0.0,1.0,0.0,0.0,0.0,0.0
SemEval_2016,RESTAURANT#GENERAL_RESTAURANT#GENERAL,"Endless fun, awesome music, great staff!!!",implicit,True,True,True,Misclassified,11.0,2.0,3.3636363636363638,2.384523099746182,0.7272727272727273,0.5454545454545454,0.0,0.45454545454545453,0.36363636363636365,0.0,0.18181818181818182,0.0,0.0,1.0,0.0,0.2727272727272727,4.450000000000003,2.5,0.0,0.54375,0.675,0.002780981594696641,0.9602534770965576,0.0009194988524541259,0.0021411781199276447,0.001389827928505838,0.01638038642704487,1.0,0.0,3.0,0.0,0.0,0.0,0.0,6.0,0.0,0.0,0.0,0.0,1.0,0.0,0.0,0.0,0.0
SemEval_2016,RESTAURANT#GENERAL_RESTAURANT#GENERAL,"Go with some friends, wait the half hour or so with a cup of joe, and enjoy more than your average breakfast.",implicit,True,True,True,Misclassified,25.0,1.0,3.52,1.9415457759218557,0.92,0.84,0.48,0.12,0.2,0.08,0.12,0.08,0.04,1.0,0.52,0.04,7.471818181818183,0.0,0.0,0.14583333333333334,0.3916666666666666,0.006511037237942219,0.12957531213760376,0.0018226273823529482,0.011958732269704342,0.0104982890188694,0.004237103275954723,0.0,0.0,0.0,1.0,0.0,0.0,0.0,22.0,0.0,0.0,0.0,0.0,1.0,0.0,0.0,0.0,0.0
SemEval_2016,RESTAURANT#GENERAL_RESTAURANT#GENERAL,"I guarantee you won't be disappointed, there's also valet parking.",implicit,True,True,True,Misclassified,14.0,1.0,4.071428571428571,3.17274747350183,1.0,1.0,0.2857142857142857,0.2857142857142857,0.07142857142857142,0.2857142857142857,0.07142857142857142,0.14285714285714285,0.14285714285714285,1.0,0.5,0.07142857142857142,9.55,0.0,0.14285714285714285,-0.75,0.75,0.007634786888957024,0.047504182904958725,0.0017406499246135354,0.025854336097836494,0.004116422031074762,0.09159223735332489,0.0,0.0,0.0,0.0,0.0,0.0,0.0,10.0,0.0,0.0,0.0,0.0,1.0,0.0,0.0,0.0,0.0
SemEval_2016,RESTAURANT#GENERAL_RESTAURANT#GENERAL,I just found out that you can have the place to yourself on nights and weekends for a private party - can't wait to celebrate my next birthday there.,explicit,True,True,True,Misclassified,31.0,1.0,3.903225806451613,2.2194861176476866,0.967741935483871,0.9354838709677419,0.5483870967741935,0.0967741935483871,0.16129032258064516,0.16129032258064516,0.06451612903225806,0.0967741935483871,0.0967741935483871,1.0,0.6451612903225806,0.03225806451612903,10.080000000000002,0.0,0.12903225806451613,0.0,0.1875,0.004753688350319862,0.7684513926506042,0.0015969236847013235,0.004461882170289755,0.0010104093234986067,0.17653104662895203,0.0,1.0,1.0,0.0,0.0,0.0,0.0,29.0,0.0,0.0,0.0,0.0,1.0,0.0,0.0,0.0,0.0
SemEval_2016,RESTAURANT#GENERAL_RESTAURANT#GENERAL,I love breakfast here.,explicit,True,True,True,Misclassified,5.0,1.0,3.8,2.9257477676655586,1.0,1.0,0.4,0.2,0.2,0.2,0.0,0.2,0.2,1.0,0.4,0.2,0.7199999999999989,0.0,0.0,0.5,0.6,0.002188948215916753,0.9647846817970276,0.0006411506328731775,0.007245424669235945,0.0034118948969990015,0.004235872998833656,0.0,1.0,0.0,0.0,0.0,0.0,0.0,4.0,0.0,0.0,0.0,0.0,1.0,0.0,0.0,0.0,0.0
SemEval_2016,RESTAURANT#GENERAL_RESTAURANT#GENERAL,I would go back for the wine experience alone.,explicit,True,True,True,Misclassified,10.0,1.0,3.8,2.4819347291981715,1.0,1.0,0.3,0.1,0.1,0.1,0.1,0.2,0.1,1.0,0.7,0.1,4.964444444444446,0.0,0.0,0.0,0.0,0.00805137399584055,0.5837552547454834,0.023921681568026543,0.23076914250850677,0.026633605360984802,0.0039182803593575954,0.0,0.0,0.0,1.0,0.0,0.0,0.0,9.0,0.0,0.0,0.0,0.0,1.0,0.0,0.0,0.0,0.0
SemEval_2016,RESTAURANT#GENERAL_RESTAURANT#GENERAL,I'm astonished that this restaurant is categorized as $$$ rather than $$$$.,explicit,True,True,True,Misclassified,19.0,1.0,3.3684210526315788,3.3278810441131026,0.6842105263157895,0.631578947368421,0.3157894736842105,0.47368421052631576,0.05263157894736842,0.15789473684210525,0.05263157894736842,0.05263157894736842,0.05263157894736842,1.0,0.42105263157894735,0.05263157894736842,9.55,0.0,0.10526315789473684,0.0,0.0,0.005084900185465813,0.0011745020747184753,0.0015598386526107788,0.0012547785881906748,0.0027100800070911646,0.9794320464134216,0.0,0.0,1.0,1.0,0.0,0.0,0.0,12.0,0.0,0.0,0.0,0.0,1.0,0.0,0.0,0.0,0.0
SemEval_2016,RESTAURANT#GENERAL_RESTAURANT#GENERAL,"If there is a line very day of the week for the entire time a place is open, you know it is great.",explicit,True,True,True,Misclassified,25.0,1.0,3.04,1.3994284547628721,0.84,0.72,0.56,0.08,0.2,0.16,0.12,0.04,0.08,1.0,0.56,0.04,7.232173913043479,0.0,0.08,0.25,0.54375,0.008518463931977749,0.20216694474220276,0.0025906760711222887,0.0031901265028864145,0.0068752942606806755,0.035735249519348145,0.0,1.0,1.0,2.0,0.0,0.0,0.9719797372817993,22.0,0.0,0.0,0.0,1.0,0.9565217391304348,0.0,0.0,0.0,0.043478260869565216
SemEval_2016,RESTAURANT#GENERAL_RESTAURANT#GENERAL,"If you can, come to this place by boat and make it a whole evening.",explicit,True,True,True,Misclassified,17.0,1.0,3.1176470588235294,1.6044919643512772,1.0,1.0,0.5294117647058824,0.11764705882352941,0.17647058823529413,0.11764705882352941,0.058823529411764705,0.0,0.11764705882352941,1.0,0.6470588235294118,0.058823529411764705,2.8466666666666676,0.0,0.17647058823529413,0.2,0.4,0.009863699786365032,0.05187360197305679,0.010454564355313778,0.007834828458726406,0.017368176952004433,0.0059741404838860035,0.0,0.0,0.0,0.0,0.0,0.0,0.9248188138008118,14.0,0.0,0.0,0.0,1.0,0.9333333333333333,0.0,0.0,0.0,0.06666666666666667
SemEval_2016,RESTAURANT#GENERAL_RESTAURANT#GENERAL,It was absolutely amazing.,implicit,True,True,True,Misclassified,5.0,1.0,4.6,3.3823069050575527,1.0,1.0,0.4,0.2,0.0,0.2,0.2,0.2,0.2,1.0,0.4,0.2,12.52,0.0,0.0,0.6000000000000001,0.9,0.00919613242149353,0.21492058038711548,0.024274539202451706,0.008640634827315807,0.010873009450733662,0.6885910034179688,1.0,0.0,2.0,0.0,0.0,0.0,0.0,4.0,0.0,0.0,0.0,0.0,1.0,0.0,0.0,0.0,0.0
SemEval_2016,RESTAURANT#GENERAL_RESTAURANT#GENERAL,It was like dining at a completely different restaurant.,implicit,True,True,True,Misclassified,10.0,1.0,4.8,3.4871191548325386,1.0,1.0,0.4,0.1,0.1,0.2,0.1,0.1,0.1,1.0,0.4,0.1,8.89777777777778,0.0,0.0,0.0,0.6,0.007727769669145346,0.02263646386563778,0.04555317759513855,0.0069757867604494095,0.10238458961248398,0.19127748906612396,0.0,1.0,0.0,0.0,0.0,0.0,0.0,9.0,0.0,0.0,0.0,0.0,1.0,0.0,0.0,0.0,0.0
SemEval_2016,RESTAURANT#GENERAL_RESTAURANT#GENERAL,"Its worth the wait, especially since they'll give you a call when the table is ready.",implicit,True,True,True,Misclassified,19.0,1.0,3.6842105263157894,1.974911898873023,0.9473684210526315,0.8947368421052632,0.42105263157894735,0.15789473684210525,0.21052631578947367,0.10526315789473684,0.05263157894736842,0.05263157894736842,0.15789473684210525,1.0,0.631578947368421,0.05263157894736842,5.400000000000002,0.0,0.15789473684210525,0.16666666666666666,0.5333333333333333,0.007925436832010746,0.2999725639820099,0.0019299057312309742,0.010710492730140686,0.006347097456455231,0.013479688204824924,1.0,0.0,1.0,0.0,0.0,0.0,0.0,16.0,0.0,0.0,0.0,0.0,1.0,0.0,0.0,0.0,0.0
SemEval_2016,RESTAURANT#GENERAL_RESTAURANT#GENERAL,Much more than just a great view!,implicit,True,True,True,Misclassified,8.0,1.0,3.375,1.4086784586980805,1.0,1.0,0.5,0.125,0.125,0.0,0.25,0.25,0.0,1.0,0.625,0.125,-1.0599999999999987,0.0,0.0,0.75,0.625,0.017546413466334343,0.7421517372131348,0.002434562426060438,0.002872886834666133,0.0047867633402347565,0.1763046234846115,0.0,1.0,3.0,1.0,0.0,0.0,0.0,7.0,0.0,0.0,0.0,0.0,1.0,0.0,0.0,0.0,0.0
SemEval_2016,RESTAURANT#GENERAL_RESTAURANT#GENERAL,Ok.... – Maybe I went in on someone's bad day....,implicit,True,True,True,Misclassified,13.0,1.0,3.076923076923077,1.6390212117432705,0.9230769230769231,0.8461538461538461,0.23076923076923078,0.6923076923076923,0.46153846153846156,0.15384615384615385,0.07692307692307693,0.0,0.07692307692307693,1.0,0.38461538461538464,0.6153846153846154,3.653333333333336,0.0,0.0,-0.09999999999999992,0.5833333333333333,0.02992197312414646,0.01095946878194809,0.017196109518408775,0.09820949286222458,0.16182388365268707,0.031244168058037758,1.0,0.0,0.0,0.0,0.0,0.0,0.9597981572151184,9.0,0.0,1.0,0.0,0.0,0.9,0.0,0.1,0.0,0.0
SemEval_2016,RESTAURANT#GENERAL_RESTAURANT#GENERAL,"Once you're inside, the real experience begins.",implicit,True,True,True,Misclassified,10.0,1.0,4.1,2.5475478405713994,1.0,1.0,0.3,0.3,0.2,0.1,0.1,0.2,0.1,1.0,0.4,0.1,7.368571428571428,0.0,0.2,0.2,0.30000000000000004,0.01180324051529169,0.09128592163324356,0.12079258263111115,0.0035259395372122526,0.019223853945732117,0.04458242282271385,0.0,0.0,0.0,0.0,0.0,0.0,0.0,7.0,0.0,0.0,0.0,0.0,1.0,0.0,0.0,0.0,0.0
SemEval_2016,RESTAURANT#GENERAL_RESTAURANT#GENERAL,Perfection.,implicit,True,True,True,Misclassified,2.0,1.0,5.5,4.5,1.0,1.0,0.0,0.5,0.5,0.0,0.0,0.0,0.0,1.0,0.0,0.5,20.200000000000006,0.0,0.0,0.0,0.0,0.040628090500831604,0.06085832789540291,0.0024405464064329863,0.01369310449808836,0.1740110069513321,0.003832885529845953,0.0,0.0,0.0,0.0,0.0,0.0,0.0,1.0,0.0,0.0,0.0,0.0,1.0,0.0,0.0,0.0,0.0
SemEval_2016,RESTAURANT#GENERAL_RESTAURANT#GENERAL,"Perhaps now, Scooner or Later falls into the ""Dive"" category.",explicit,True,True,True,Misclassified,14.0,1.0,3.857142857142857,2.19925775976295,1.0,1.0,0.2857142857142857,0.2857142857142857,0.2857142857142857,0.07142857142857142,0.0,0.14285714285714285,0.0,1.0,0.35714285714285715,0.07142857142857142,8.370000000000001,0.0,0.0,0.0,0.0,0.009596739895641804,0.0030577268917113543,0.013839703053236008,0.013246665708720684,0.05622651427984238,0.00995174515992403,1.0,0.0,0.0,0.0,0.0,0.0,0.9409254193305969,9.0,0.0,1.0,0.0,0.0,0.9,0.0,0.1,0.0,0.0
SemEval_2016,RESTAURANT#GENERAL_RESTAURANT#GENERAL,"That's a huge compliment, especially in the fickled restaurant business, ...enough already!",implicit,True,True,True,Misclassified,17.0,1.0,4.705882352941177,3.2857035397103393,0.9411764705882353,0.8823529411764706,0.23529411764705882,0.4117647058823529,0.17647058823529413,0.058823529411764705,0.11764705882352941,0.17647058823529413,0.0,1.0,0.4117647058823529,0.23529411764705882,11.706666666666667,0.0,0.0,0.20000000000000004,0.95,0.6848495006561279,0.04480339586734772,0.0021300632506608963,0.01672193594276905,0.033189766108989716,0.12000812590122223,1.0,1.0,0.0,1.0,0.0,1.0,0.0,12.0,0.0,0.0,0.0,0.0,1.0,0.0,0.0,0.0,0.0
SemEval_2016,RESTAURANT#GENERAL_RESTAURANT#GENERAL,This place is charming and relaxing.,explicit,True,True,True,Misclassified,7.0,1.0,4.428571428571429,2.5555062599997593,1.0,1.0,0.42857142857142855,0.14285714285714285,0.14285714285714285,0.42857142857142855,0.0,0.0,0.0,1.0,0.42857142857142855,0.14285714285714285,4.450000000000003,0.0,0.0,0.7,1.0,0.001168129500001669,0.9447806477546692,0.0009604708757251501,0.003734433790668845,0.008371230214834213,0.0034740082919597626,1.0,0.0,1.0,0.0,0.0,0.0,0.0,6.0,0.0,0.0,0.0,0.0,1.0,0.0,0.0,0.0,0.0
SemEval_2016,RESTAURANT#GENERAL_RESTAURANT#GENERAL,WHAT ELSE CAN YOU SAY NICE PEOPLE AMAZING FOOD WOW,implicit,True,True,True,Misclassified,10.0,1.0,4.1,1.3,1.0,1.0,0.3,0.0,0.9,0.0,0.0,0.0,0.0,1.0,0.5,0.0,3.650000000000002,0.0,0.0,0.4333333333333334,0.9666666666666667,0.0249634962528944,0.18050619959831238,0.0066048260778188705,0.014519086107611656,0.010083414614200592,0.18035373091697693,2.0,1.0,2.0,1.0,0.0,0.0,0.0,10.0,0.0,0.0,0.0,0.0,1.0,0.0,0.0,0.0,0.0
SemEval_2016,RESTAURANT#GENERAL_RESTAURANT#GENERAL,"We are locals, and get the feeling the only way this place survives with such average food is because most customers are probably one-time customer tourists.",explicit,True,True,True,Misclassified,28.0,1.0,4.714285714285714,2.3582248598884537,0.9285714285714286,0.8571428571428571,0.4642857142857143,0.10714285714285714,0.2857142857142857,0.17857142857142858,0.17857142857142858,0.03571428571428571,0.03571428571428571,1.0,0.5,0.03571428571428571,13.157692307692308,0.0,0.07142857142857142,0.0875,0.6,0.00740095553919673,0.10141485184431076,0.0006550410762429237,0.004286161623895168,0.011603796854615211,0.010173261165618896,0.0,1.0,1.0,2.0,0.0,0.0,0.9683011770248413,25.0,0.0,1.0,0.0,0.0,0.9615384615384616,0.0,0.038461538461538464,0.0,0.0
SemEval_2016,RESTAURANT#GENERAL_RESTAURANT#GENERAL,"We have since returned and also had a great experience, sampling more small plates and a variety of the beer ( cold and good).",implicit,True,True,True,Misclassified,27.0,1.0,3.814814814814815,2.3576045130132663,0.8888888888888888,0.8148148148148148,0.4074074074074074,0.14814814814814814,0.14814814814814814,0.14814814814814814,0.18518518518518517,0.037037037037037035,0.037037037037037035,1.0,0.48148148148148145,0.037037037037037035,9.79739130434783,0.0,0.037037037037037035,0.22999999999999998,0.65,0.0030774434562772512,0.8011819124221802,0.0014879507943987846,0.005666636861860752,0.009017598815262318,0.009583228267729282,0.0,0.0,1.0,0.0,0.0,0.0,0.0,24.0,0.0,0.0,0.0,0.0,1.0,0.0,0.0,0.0,0.0
SemEval_2016,RESTAURANT#GENERAL_RESTAURANT#GENERAL,"best restaurant in the world, great decor, great customer service, friendly manager",explicit,True,True,True,Misclassified,15.0,1.0,4.8,2.7373953556863753,0.8,0.6666666666666666,0.13333333333333333,0.2,0.4,0.0,0.2,0.06666666666666667,0.0,1.0,0.13333333333333333,0.0,9.740000000000002,0.0,0.0,0.74375,0.575,0.00342851341702044,0.9127264618873596,0.0005692524719052017,0.0038478337228298187,0.0033375003840774298,0.02379472181200981,1.0,0.0,2.0,0.0,0.0,0.0,0.0,12.0,0.0,0.0,0.0,0.0,1.0,0.0,0.0,0.0,0.0
SemEval_2016,RESTAURANT#GENERAL_RESTAURANT#GENERAL,i highly recommend this place to all that want to try indain food for the first time.,explicit,True,True,True,Misclassified,18.0,1.0,3.8333333333333335,1.8929694486000912,0.9444444444444444,0.8888888888888888,0.4444444444444444,0.05555555555555555,0.2222222222222222,0.2222222222222222,0.05555555555555555,0.05555555555555555,0.0,1.0,0.5,0.05555555555555555,4.92235294117647,0.0,0.1111111111111111,0.20500000000000002,0.43666666666666665,0.0013629179447889328,0.9775769114494324,0.00917019136250019,0.0011833548778668046,0.0006237091147340834,0.007026722654700279,0.0,2.0,0.0,0.0,0.0,0.0,0.0,17.0,0.0,0.0,0.0,0.0,1.0,0.0,0.0,0.0,0.0
SemEval_2016,RESTAURANT#GENERAL_RESTAURANT#GENERAL,– Best Mexican place for lunch in the financial district.,explicit,True,True,True,Misclassified,11.0,1.0,4.363636363636363,2.603240193322973,1.0,1.0,0.2727272727272727,0.09090909090909091,0.36363636363636365,0.0,0.2727272727272727,0.0,0.0,1.0,0.2727272727272727,0.09090909090909091,6.2755555555555596,0.0,0.0,0.3333333333333333,0.09999999999999999,0.006945269647985697,0.5446553826332092,0.005908970255404711,0.005851792171597481,0.008418472483754158,0.13396865129470825,1.0,0.0,0.0,0.0,0.0,0.0,0.0,10.0,0.0,0.0,0.0,0.0,1.0,0.0,0.0,0.0,0.0
SemEval_2016,RESTAURANT#GENERAL_RESTAURANT#GENERAL,– I really enjoyed my meal here.,explicit,True,True,True,Misclassified,8.0,1.0,3.25,2.222048604328897,1.0,1.0,0.375,0.125,0.25,0.125,0.0,0.25,0.25,1.0,0.5,0.125,2.4833333333333343,0.0,0.0,0.5,0.7,0.0008246965589933097,0.9905503988265991,0.000278457097010687,0.0015245260437950492,0.0009646770195104182,0.0029615098610520363,1.0,0.0,0.0,0.0,0.0,0.0,0.0,7.0,0.0,0.0,0.0,0.0,1.0,0.0,0.0,0.0,0.0
SemEval_2016,RESTAURANT#GENERAL_RESTAURANT#GENERAL,"– I will never forget the amazing meal, service, and ambiance I experience at this restaurant.",explicit,True,True,True,Misclassified,19.0,1.0,4.157894736842105,2.995841993843728,0.8947368421052632,0.7894736842105263,0.3684210526315789,0.15789473684210525,0.2631578947368421,0.10526315789473684,0.05263157894736842,0.05263157894736842,0.10526315789473684,1.0,0.42105263157894735,0.05263157894736842,11.500000000000004,0.0,0.0,0.6000000000000001,0.9,0.0031989323906600475,0.7383253574371338,0.0049982392229139805,0.0040885950438678265,0.0033128010109066963,0.1683066040277481,1.0,0.0,2.0,0.0,0.0,0.0,0.0,16.0,0.0,0.0,0.0,0.0,1.0,0.0,0.0,0.0,0.0
SemEval_2016,RESTAURANT#GENERAL_RESTAURANT#GENERAL,"– It is sad to see a place that was once ""THE"" place to meet and eat for Bfast or Lunch, now be the place that is a big ""DONT BOTHER.""",explicit,True,True,True,Misclassified,37.0,1.0,2.918918918918919,1.322944675731937,0.7837837837837838,0.5945945945945946,0.4864864864864865,0.16216216216216217,0.24324324324324326,0.1891891891891892,0.05405405405405406,0.05405405405405406,0.02702702702702703,1.0,0.5135135135135135,0.02702702702702703,8.303333333333338,0.0,0.02702702702702703,-0.25,0.55,0.0012904051691293716,0.0037616072222590446,0.0009334689239040017,0.9606581330299377,0.0033799493685364723,0.02139713242650032,0.0,0.0,0.0,0.0,0.0,1.0,0.0,31.0,0.0,0.0,0.0,0.0,1.0,0.0,0.0,0.0,0.0
SemEval_2016,RESTAURANT#GENERAL_RESTAURANT#GENERAL,– Not bad.,implicit,True,True,True,Misclassified,4.0,1.0,2.0,1.0,1.0,1.0,0.25,0.25,0.0,0.0,0.25,0.25,0.0,1.0,0.25,0.25,-3.01,0.0,0.0,0.3499999999999999,0.6666666666666666,0.035037774592638016,0.007220399100333452,0.008966128341853619,0.12841345369815826,0.6005104780197144,0.009604177437722683,0.0,0.0,0.0,0.0,0.0,0.0,0.0,3.0,0.0,0.0,0.0,0.0,1.0,0.0,0.0,0.0,0.0
SemEval_2016,RESTAURANT#GENERAL_RESTAURANT#GENERAL,– i have been eating at this place for over 8 years now and i have never had one bad meal.,explicit,True,True,True,Misclassified,22.0,1.0,3.1818181818181817,1.4658650451451907,0.9090909090909091,0.8181818181818182,0.5454545454545454,0.045454545454545456,0.2727272727272727,0.22727272727272727,0.045454545454545456,0.09090909090909091,0.0,1.0,0.6363636363636364,0.045454545454545456,5.780000000000001,0.0,0.0,-0.6999999999999998,0.6666666666666666,0.01459408737719059,0.6023206114768982,0.0066708046942949295,0.0902428850531578,0.07888811826705933,0.036442358046770096,0.0,0.0,0.0,0.0,0.0,0.0,0.0,21.0,0.0,0.0,0.0,0.0,1.0,0.0,0.0,0.0,0.0
SemEval_2016,SERVICE#GENERAL_SERVICE#GENERAL,"First off, the food came fast and all together :) i like that... i hate the pretentiousness of things coming in one after the other.",implicit,True,True,True,Misclassified,29.0,1.0,3.7241379310344827,2.7278455781470496,0.896551724137931,0.8275862068965517,0.4482758620689655,0.2413793103448276,0.1724137931034483,0.13793103448275862,0.034482758620689655,0.10344827586206896,0.0,1.0,0.5714285714285714,0.13793103448275862,4.823333333333334,0.0,0.0,0.004999999999999982,0.6416666666666667,0.09913184493780136,0.05341540649533272,0.002219639252871275,0.042343784123659134,0.6161925792694092,0.05127931758761406,0.0,1.0,0.0,0.0,0.0,1.0,0.0,25.0,0.0,0.0,0.0,0.0,1.0,0.0,0.0,0.0,0.0
SemEval_2016,SERVICE#GENERAL_SERVICE#GENERAL,I have a but here - there was a bathroom attendant in the restroom which was odd.,explicit,True,True,True,Misclassified,18.0,1.0,3.611111111111111,2.4751854899939407,0.8888888888888888,0.7777777777777778,0.6666666666666666,0.1111111111111111,0.16666666666666666,0.16666666666666666,0.05555555555555555,0.05555555555555555,0.05555555555555555,1.0,0.6666666666666666,0.05555555555555555,5.400000000000002,0.0,0.05555555555555555,0.016666666666666677,0.325,0.004999162163585424,0.0022591690067201853,0.021960431709885597,0.01080673560500145,0.7268115282058716,0.1473802626132965,0.0,0.0,0.0,0.0,0.0,0.0,0.0,17.0,0.0,0.0,0.0,0.0,1.0,0.0,0.0,0.0,0.0
SemEval_2016,SERVICE#GENERAL_SERVICE#GENERAL,I rejected it because in the process of attempting to fix the eggs they broke something else in the dish and I was too frustrated to continue.,explicit,True,True,True,Misclassified,28.0,1.0,4.142857142857143,2.70864074655122,0.8214285714285714,0.6785714285714286,0.5714285714285714,0.03571428571428571,0.14285714285714285,0.21428571428571427,0.03571428571428571,0.07142857142857142,0.14285714285714285,1.0,0.6428571428571429,0.03571428571428571,11.547407407407409,0.0,0.07142857142857142,-0.7,0.2,0.8824431896209717,0.00103620789013803,0.0018493433017283678,0.029135705903172493,0.031529977917671204,0.005153805483132601,0.0,0.0,0.0,1.0,0.0,0.0,0.0,27.0,0.0,0.0,0.0,0.0,1.0,0.0,0.0,0.0,0.0
SemEval_2016,SERVICE#GENERAL_SERVICE#GENERAL,I went home & looked them up online again where I discovered there is a link for a give away that doesn't work so emailed the restaurant about the non existent service & deceptive link.,explicit,True,True,True,Misclassified,37.0,1.0,4.081081081081081,2.453661118679136,0.8648648648648649,0.7297297297297297,0.4594594594594595,0.10810810810810811,0.1891891891891892,0.16216216216216217,0.10810810810810811,0.08108108108108109,0.08108108108108109,1.0,0.5135135135135135,0.02702702702702703,14.443636363636365,0.0,0.05405405405405406,0.0,0.0,0.032047539949417114,0.004725919105112553,0.030279191210865974,0.13716711103916168,0.018833544105291367,0.38478970527648926,0.0,0.0,0.0,1.0,0.0,0.0,0.0,35.0,0.0,0.0,0.0,0.0,1.0,0.0,0.0,0.0,0.0
SemEval_2016,SERVICE#GENERAL_SERVICE#GENERAL,None that I can think of.,implicit,True,True,True,Misclassified,7.0,1.0,2.857142857142857,1.4568627181693672,1.0,1.0,0.5714285714285714,0.14285714285714285,0.14285714285714285,0.14285714285714285,0.0,0.0,0.14285714285714285,1.0,0.7142857142857143,0.14285714285714285,-1.4499999999999993,0.0,0.0,0.0,0.0,0.05575745925307274,0.006516961380839348,0.008888757787644863,0.044774532318115234,0.5317675471305847,0.05702366307377815,0.0,1.0,0.0,0.0,0.0,0.0,0.0,6.0,0.0,0.0,0.0,0.0,1.0,0.0,0.0,0.0,0.0
SemEval_2016,SERVICE#GENERAL_SERVICE#GENERAL,"On my meal I had to send back my eggs for a simple request of breaking the yokes before cooking, and would have had to send them back again if I hadn't rejected the meal all together.",explicit,True,True,True,Misclassified,40.0,1.0,3.675,1.9670726981990267,0.775,0.575,0.55,0.075,0.15,0.2,0.025,0.1,0.125,1.0,0.675,0.025,14.148108108108108,0.0,0.1,0.0,0.11904761904761905,0.2789258062839508,0.004930195398628712,0.018722010776400566,0.26070261001586914,0.2124408483505249,0.0073195165023207664,0.0,0.0,0.0,1.0,0.0,0.0,0.9709417819976807,35.0,0.0,0.0,0.0,2.0,0.9459459459459459,0.0,0.0,0.0,0.05405405405405406
SemEval_2016,SERVICE#GENERAL_SERVICE#GENERAL,WHAT ELSE CAN YOU SAY NICE PEOPLE AMAZING FOOD WOW,explicit,True,True,True,Misclassified,10.0,1.0,4.1,1.3,1.0,1.0,0.3,0.0,0.9,0.0,0.0,0.0,0.0,1.0,0.5,0.0,3.650000000000002,0.0,0.0,0.4333333333333334,0.9666666666666667,0.0249634962528944,0.18050619959831238,0.0066048260778188705,0.014519086107611656,0.010083414614200592,0.18035373091697693,2.0,1.0,2.0,1.0,0.0,0.0,0.0,10.0,0.0,0.0,0.0,0.0,1.0,0.0,0.0,0.0,0.0
SemEval_2016,SERVICE#GENERAL_SERVICE#GENERAL,– ...and the best summertime deck experience--they will even bring you a blanket if you get cold in the Seattle evening weather.,implicit,True,True,True,Misclassified,26.0,1.0,4.115384615384615,2.438898286536568,0.9230769230769231,0.8461538461538461,0.38461538461538464,0.23076923076923078,0.2692307692307692,0.11538461538461539,0.07692307692307693,0.038461538461538464,0.11538461538461539,1.0,0.46153846153846156,0.15384615384615385,10.580952380952379,0.0,0.07692307692307693,0.2,0.65,0.010305266827344894,0.14115525782108307,0.002196134999394417,0.023638129234313965,0.009108384139835835,0.013528002426028252,1.0,0.0,1.0,0.0,0.0,0.0,0.9630706310272217,20.0,0.0,0.0,0.0,2.0,0.9090909090909091,0.0,0.0,0.0,0.09090909090909091
