word_count,sentence_count,avg_word_length,std_word_length,type_token_ratio,hapax_legomena,stopword_ratio,punctuation_density,noun_ratio,verb_ratio,adj_ratio,adv_ratio,pronoun_ratio,avg_dependency_depth,function_word_ratio,punctuation_usage,readability_score,sentence_length_variation,subordinate_clause_ratio,sentiment_polarity,sentiment_subjectivity,anger,joy,fear,sadness,disgust,surprise,certainty_adverbs_count,certainty_verbs_count,certainty_adjectives_count,doubt_adverbs_count,doubt_verbs_count,doubt_adjectives_count,hedges_score,hedge_C_count,hedge_D_count,hedge_E_count,hedge_I_count,hedge_N_count,C_ratio,D_ratio,E_ratio,I_ratio,N_ratio,iteration,stance,model
0.10526447439267328,0.37301686346754,0.10251521326359986,0.15386824460956033,-0.05221928551946555,0.06721863921870075,0.013628390558114694,0.23967822275584919,-0.012888828353350488,0.22029451994393667,-0.7047112484049846,-0.26967244975552673,-0.05963545501760402,0.0,0.8462975229912346,0.012832870681223374,-0.13618283404936285,0.2642210542873229,0.11054509842824664,-0.006250089631428959,-0.004412420851118663,1.1095293523308307,0.2854371731171408,0.060474595888711645,-0.159697666466143,-0.024071039808614327,0.09097521115796818,-0.0530334538679341,0.1414162227142849,0.09254830510982948,0.331235133551722,-0.01699185770264004,-0.5264659065008088,-0.28686081509648614,-0.10007053390525227,0.025887132012445798,-0.14426773201841306,-0.029864111266807655,0.057319369999123765,0.19483415502669024,0.02149536197899615,0.06131415404610841,0.01225354552860562,0.09106710291920785,3,AGAINST,Logistic Regression
-0.06730023772646324,0.37301686346754,0.02253403282983038,-0.05694237621398337,-0.356541007885409,0.24787919426768368,0.0028760604662908646,0.19979859541149117,-0.15891789822710253,-0.35839446253418533,0.4218980776058766,0.46667369885305054,-0.028829629968059323,0.0,0.47311341879782476,-0.06755722637945752,0.06874598318099806,0.2642210542873229,1.14213250887521,0.004927781364899636,-0.03191703639968905,-0.5654823888073298,0.039280832246820406,-0.34513030998171623,0.022509274756220363,-0.02301257279411,-0.13090441585747498,-0.0530334538679341,0.1414162227142849,0.09254830510982948,0.331235133551722,-0.01699185770264004,0.027708731921095197,-0.28686081509648614,0.07954324489904668,0.025887132012445798,-0.14426773201841306,-0.029864111266807655,0.057319369999123765,0.19483415502669024,0.02149536197899615,0.06131415404610841,0.01225354552860562,0.09106710291920785,3,AGAINST,Logistic Regression
-0.37791671954090894,0.37301686346754,-0.4316431159553957,-0.32097759553561345,-0.13126388873139902,0.06956488019336292,-0.029131359284805612,-0.46607033388369945,0.5417266289449394,-1.3579481595418512,0.4218980776058766,-1.2291537949121583,-0.2523118880547556,0.0,-2.448525291663742,0.02192750792445191,0.006503390883351635,0.2642210542873229,1.5200970421794688,-0.0010337498331422744,0.018860715382287056,-0.2751544351899071,0.2631253946984613,-0.24048779700821643,-0.10835814380871427,0.17703926031874437,0.08995874140993675,0.9112111619126855,-0.32997118633333145,0.09254830510982948,0.331235133551722,-0.01699185770264004,0.027708731921095197,1.9726852535721342,0.2848161349611026,0.025887132012445798,-0.14426773201841306,-0.029864111266807655,-1.0890680299833533,-0.6211131573351149,0.02149536197899615,0.06131415404610841,0.01225354552860562,-1.1823288277307316,3,AGAINST,Logistic Regression
-0.8956108558983183,-0.6351368215798653,-0.22577355348415995,-0.10218997204320668,-0.5630450337765853,0.3091747397307314,-0.021030716014466377,-0.43162883754084486,0.2649720407119829,-0.5547353673035488,-0.024051447273422778,0.17520334836215568,-0.0873606975621942,0.0,-1.6833342008285705,0.01729898718459455,0.08012532290926865,-0.6099541814506965,-0.04575602436674834,-0.017427960627757554,-0.00018094153595397575,0.14261661955867755,-0.8933164947259846,-0.16241538688111187,0.3357041439172763,-0.025072251473179676,0.05764293072901306,-0.0530334538679341,-0.32997118633333145,-0.6786875708054164,0.331235133551722,-0.01699185770264004,0.027708731921095197,-0.28686081509648614,0.6953619150852144,0.025887132012445798,-0.14426773201841306,-0.029864111266807655,0.057319369999123765,0.19483415502669024,0.02149536197899615,0.06131415404610841,0.01225354552860562,0.09106710291920785,3,AGAINST,Logistic Regression
0.27782918651180977,0.37301686346754,0.4439474793170027,0.17283132161628986,0.11546819415156472,-0.032329013563391774,0.017158030831418564,0.19979859541149117,-0.5552825164558577,-0.1340048570834849,0.4218980776058766,0.46667369885305054,0.0882325052202099,0.0,1.6179187910603159,0.00517667096115853,-0.11402836732175625,0.2642210542873229,0.3784898803625227,0.004927781364899636,-0.03191703639968905,2.16341115352141,0.32125602281245275,-0.31046309604546235,-0.08916786233791381,-0.014645043912200971,0.08050537199803504,-0.0530334538679341,0.1414162227142849,0.09254830510982948,0.331235133551722,-0.01699185770264004,0.027708731921095197,-0.28686081509648614,-0.12572964516300925,0.025887132012445798,-0.14426773201841306,-0.029864111266807655,0.057319369999123765,0.19483415502669024,0.02149536197899615,0.06131415404610841,0.01225354552860562,0.09106710291920785,3,AGAINST,Logistic Regression
-0.10181318015029053,-0.1310599790561627,-0.19557935098837878,-0.11081237718551377,-0.125256498887292,0.11057717243045664,0.012091036127964559,-0.07297805562391795,-0.1959119292617864,0.45838370130636363,0.4218980776058766,0.46667369885305054,0.0882325052202099,0.0,1.2950249681144852,0.0016854438888089472,-0.008640799902238873,-0.576858318661423,-0.6397002909877261,-0.012956812229226115,0.006166277436793038,-0.598129453156426,0.2943551462957019,0.23104122392350515,0.2857265598805693,-0.024403979121779027,0.09050464298736136,-0.0530334538679341,0.1414162227142849,0.09254830510982948,0.331235133551722,-0.01699185770264004,0.027708731921095197,-0.28686081509648614,0.028225022383532698,0.025887132012445798,-0.14426773201841306,-0.029864111266807655,0.057319369999123765,0.19483415502669024,0.02149536197899615,0.06131415404610841,0.01225354552860562,0.09106710291920785,3,AGAINST,Logistic Regression
-0.34340377711708164,-0.1310599790561627,-0.06685669824320616,-0.1002309035414004,0.004841037424148853,-0.012626873950269346,-0.01451068606516895,-0.32112903677418597,0.2457043162147517,0.03428734700453984,-0.4700009721527222,-0.4077373526196353,-0.26295390034459826,0.0,-1.0711813281604323,0.021541797862797127,-0.03518000483635095,-1.2076678483729821,0.2512161089437419,-0.009379893510400965,0.026477378149583498,-0.4605385145918942,0.2872025069152258,0.41074416373696904,-0.08247458845562054,-0.023429985009502705,0.09222859077381917,-0.0530334538679341,0.1414162227142849,0.09254830510982948,-2.6799933532821147,-0.01699185770264004,0.027708731921095197,-0.28686081509648614,0.25915702370334565,0.025887132012445798,-0.14426773201841306,-0.029864111266807655,0.057319369999123765,0.19483415502669024,0.02149536197899615,0.06131415404610841,0.01225354552860562,0.09106710291920785,3,AGAINST,Logistic Regression
0.2433162440879825,0.37301686346754,0.10000599975979542,0.0907070399411039,0.4694750956792949,-0.24248516943669848,0.0037453977928638494,0.048256011502930574,-0.2205746166182422,-0.04424901490320503,-0.05378141559870891,0.46667369885305054,0.0882325052202099,0.0,-0.11763550727352562,0.007116241556908307,-0.025410500411329934,0.2642210542873229,-0.6397002909877261,-0.017427960627757554,0.025207934355034087,-0.5913131756264858,0.18438982371685736,-0.33948403545582784,-0.1286869152466301,-0.024336325194591283,-0.12253940289610665,-0.0530334538679341,0.1414162227142849,0.09254830510982948,0.331235133551722,-0.01699185770264004,0.027708731921095197,-0.28686081509648614,-0.12572964516300925,0.025887132012445798,-0.14426773201841306,-0.029864111266807655,0.057319369999123765,0.19483415502669024,0.02149536197899615,0.06131415404610841,0.01225354552860562,0.09106710291920785,3,AGAINST,Logistic Regression
-0.13632612257411783,-0.6351368215798653,-0.4152513424252973,-0.29013389891685676,-0.10238220678857733,0.09699785158941215,-0.02755074596376381,-0.2664862781533108,0.4813634081424251,-0.6000448068657092,-0.6758238297893215,0.46667369885305054,-0.23593956145499742,0.0,-1.5302959826615359,0.002938704889139572,0.22026011738744788,-0.3730452407050063,1.0050684473472904,-0.010721238029960396,0.03472876281415461,0.5875439665583486,0.3000507211400881,0.18667290274897014,-0.15985799392714087,-0.009624378962006082,0.0933505358571022,-0.0530334538679341,0.1414162227142849,0.09254830510982948,0.331235133551722,-0.01699185770264004,0.027708731921095197,1.994347255322007,0.07954324489904668,0.025887132012445798,-0.14426773201841306,-0.029864111266807655,-1.0890680299833533,-0.9319502287110406,0.02149536197899615,0.06131415404610841,0.01225354552860562,-1.667432039406901,3,AGAINST,Logistic Regression
-0.5504814316600455,-1.6432905066272707,-0.23622860975001228,-0.08793617444592867,-0.05221928551946555,-0.010207312945148973,-0.011079091355012406,-0.19899767803208956,0.27916931139415324,-0.2757246078944536,0.046361635602256236,-1.006018598364104,0.0882325052202099,0.0,-1.1436731157132385,-0.008604488534958186,0.16692464840507945,-0.28516969155386646,-0.26457759627973976,0.01990257996950492,0.019641524065442447,-0.5227575952377941,0.3082381583900223,0.4803210923725206,-0.1710752950699001,-0.024766313775583273,0.09308054449176292,0.4290888540223758,-0.32997118633333145,-0.6786875708054164,0.331235133551722,-0.01699185770264004,0.027708731921095197,1.9482801249481458,0.25915702370334565,0.025887132012445798,1.9166998682446303,1.4633414520735761,0.057319369999123765,-1.43706046969692,0.02149536197899615,-0.5332342265863174,-0.6491327480891392,0.09106710291920785,3,AGAINST,Logistic Regression
-0.5504814316600455,-1.1392136641035682,-0.035491529445649435,0.008135058739025057,-0.3130664761188461,0.14464459138255062,-0.008333815586887176,-0.23887730537644764,0.18181659814498527,-0.2757246078944536,0.4218980776058766,-0.26967244975552673,-0.13356943513651098,0.0,-0.6826996974287294,0.0021141910731325925,-0.0155333006619386,-0.4995664436668731,1.6110358772601925,-0.006250089631428959,0.01674497572470473,1.8857406437218416,0.28877209331676745,-0.26670899219174254,0.07645743376024311,-0.02377685605921917,0.09372664129848624,-0.0530334538679341,-0.32997118633333145,-0.29306963284779347,0.331235133551722,-0.01699185770264004,0.027708731921095197,1.9806666473428962,0.38745257999213056,0.025887132012445798,-0.14426773201841306,-0.029864111266807655,-1.0890680299833533,-0.5222104528064141,0.02149536197899615,0.06131415404610841,0.01225354552860562,-1.0279778058337707,3,AGAINST,Logistic Regression
0.31234212893563706,0.37301686346754,0.015657822747289024,0.12092652738447504,-0.29300130761120124,0.09699785158941215,0.00856018914003734,0.4912266413894923,0.05450920389607339,0.4873817426261467,-0.12696287609172247,0.46667369885305054,0.0882325052202099,0.0,0.5102135928989237,0.002938704889139572,-0.03648773377513319,0.2642210542873229,-0.6397002909877261,0.004927781364899636,-0.03191703639968905,0.492044203901518,0.28143964620380585,0.217395554625383,-0.15747402988086734,-0.02470656062899271,0.09430055302112914,-0.0530334538679341,0.1414162227142849,0.09254830510982948,0.331235133551722,-0.01699185770264004,0.027708731921095197,-0.28686081509648614,-0.2540252014517942,0.025887132012445798,-0.14426773201841306,-0.029864111266807655,0.057319369999123765,0.19483415502669024,0.02149536197899615,0.06131415404610841,0.01225354552860562,0.09106710291920785,3,AGAINST,Logistic Regression
-0.6540202589315274,-0.6351368215798653,0.011632724162386861,-0.05345563572487439,-0.13492693131926906,0.08043770422228483,0.0042542781791504785,-0.1882982658177495,0.13432746973075704,0.06302016233664187,-0.6222764196724827,-0.557027044334483,0.0882325052202099,0.0,-0.3657124688050783,0.0044670719627135135,-0.05677291737259797,-0.023821249280100175,-0.2920255983315438,0.01237969536245203,0.030497283498989936,-0.4557698897259023,0.2953241754468741,0.13906131843118427,0.3747648504909572,-0.024577669708604335,0.08412223209597618,-0.0530334538679341,0.1414162227142849,0.09254830510982948,0.331235133551722,-0.01699185770264004,-0.5264659065008088,-0.28686081509648614,0.38745257999213056,0.025887132012445798,-0.14426773201841306,-0.029864111266807655,0.057319369999123765,0.19483415502669024,0.02149536197899615,0.06131415404610841,0.01225354552860562,0.09106710291920785,3,AGAINST,Logistic Regression
0.2433162440879825,0.37301686346754,-0.1542609686257307,0.08177947764125537,-0.19133778717246824,0.14980632152680728,0.010700096405447777,0.1492844007753043,-0.46720149018280094,1.2123327756207172,0.4218980776058766,0.46667369885305054,0.0882325052202099,0.0,1.0124928730368832,0.007116241556908307,0.08259252488575217,0.2642210542873229,-0.6397002909877261,0.02728352335755682,-0.00652816050870099,-0.541545382138602,0.28036901289683935,0.1271632491812121,0.14369602761146247,-0.01975000148934482,-0.03307984067853462,-0.0530334538679341,0.1414162227142849,0.09254830510982948,0.331235133551722,-0.01699185770264004,0.027708731921095197,-0.28686081509648614,-0.15138875642076624,0.025887132012445798,-0.14426773201841306,-0.029864111266807655,0.057319369999123765,0.19483415502669024,0.02149536197899615,0.06131415404610841,0.01225354552860562,0.09106710291920785,3,AGAINST,Logistic Regression
0.415880956207119,0.37301686346754,0.028493414901366233,-0.0991062213338327,0.4694750956792949,-0.24248516943669848,0.014177445711739737,0.048256011502930574,-0.15891789822710253,1.2123327756207172,-0.2916211622010025,0.46667369885305054,0.0882325052202099,0.0,1.5304683806791533,-0.006460752613340051,0.12413215000001451,0.2642210542873229,-0.6397002909877261,0.004927781364899636,-0.03191703639968905,-0.5500129463465365,-0.32143939867714644,-0.3512122038237798,-0.10661074797541402,-0.02167143555889103,-0.30921042174112,-0.0530334538679341,0.1414162227142849,0.09254830510982948,0.331235133551722,-0.01699185770264004,0.027708731921095197,-0.28686081509648614,-0.22836609019403717,0.025887132012445798,-0.14426773201841306,-0.029864111266807655,0.057319369999123765,0.19483415502669024,0.02149536197899615,0.06131415404610841,0.01225354552860562,0.09106710291920785,3,AGAINST,Logistic Regression
-0.13632612257411783,-0.1310599790561627,-0.002678737472820969,0.04087214884909387,-0.10238220678857733,-0.01616315541929132,0.016584841385326485,0.02494176782469039,-0.15891789822710253,0.8498572591234325,-0.4013933529405216,0.46667369885305054,0.0882325052202099,0.0,1.3555675599168284,0.018604467393272272,-0.07735041685049654,-0.5067683709156942,-0.6397002909877261,-0.00997604663020515,0.010397756751957714,-0.5077410688047254,0.27975450043858036,0.47460094626282295,-0.16702309337780769,-0.025321757261632074,0.09478976167321858,-0.0530334538679341,0.1414162227142849,0.09254830510982948,0.331235133551722,-0.01699185770264004,0.027708731921095197,-0.28686081509648614,0.05388413364128969,0.025887132012445798,-0.14426773201841306,-0.029864111266807655,0.057319369999123765,0.19483415502669024,0.02149536197899615,0.06131415404610841,0.01225354552860562,0.09106710291920785,3,AGAINST,Logistic Regression
0.27782918651180977,0.37301686346754,0.49502789707302336,0.22244929068714736,-0.23853870737616598,0.17782714230991473,0.017158030831418564,0.6327774065788072,-0.29103943763668755,0.5391639592686162,-0.5974151221182358,0.46667369885305054,0.0882325052202099,0.0,1.5304683806791533,-0.02391688797508787,-0.10295113395795295,0.2642210542873229,0.3784898803625227,-0.033822171422372815,0.061175508533933845,0.492048799449181,0.08534807454481323,-0.283520492608527,-0.10551148834856294,-0.021660566455291342,0.011584328249874917,-0.0530334538679341,-0.32997118633333145,0.09254830510982948,0.331235133551722,-0.01699185770264004,0.027708731921095197,-0.28686081509648614,-0.17704786767852324,0.025887132012445798,-0.14426773201841306,-0.029864111266807655,0.057319369999123765,0.19483415502669024,0.02149536197899615,0.06131415404610841,0.01225354552860562,0.09106710291920785,3,AGAINST,Logistic Regression
0.20880330166415517,-0.1310599790561627,0.0970263087240275,0.12900340502321336,0.15971905684253085,-0.05859853304755517,-0.0014706261665740931,-0.17905786435991042,-0.15891789822710253,0.03428734700453984,0.4218980776058766,0.46667369885305054,0.0882325052202099,0.0,0.3061626353428776,0.00881336582818932,0.0717922223560439,-0.29649852767850765,-0.6397002909877261,0.004927781364899636,-0.03191703639968905,-0.49164648172310166,0.3040068593393802,0.46099352533701204,-0.15652637498340086,-0.02516819555120612,0.0891097023014027,-0.0530334538679341,0.1414162227142849,0.09254830510982948,0.331235133551722,-0.01699185770264004,0.027708731921095197,-0.28686081509648614,-0.12572964516300925,0.025887132012445798,-0.14426773201841306,-0.029864111266807655,0.057319369999123765,0.19483415502669024,0.02149536197899615,0.06131415404610841,0.01225354552860562,0.09106710291920785,3,AGAINST,Logistic Regression
0.13977741681650055,0.37301686346754,0.05233094318750923,0.0730914663701951,-0.08120230669717474,0.08442440636622292,0.007222747099155819,0.11560827101784633,-0.15891789822710253,0.6887570295690834,0.025498499935388684,0.46667369885305054,0.0882325052202099,0.0,0.765277289843981,0.011641906280324412,-0.00325603368372333,0.2642210542873229,-0.6397002909877261,0.004927781364899636,-0.03191703639968905,1.6493838985262002,0.2467202348368837,-0.30627300909618455,-0.09693506182804552,-0.007630004727282658,0.06530768183457501,-0.0530334538679341,0.1414162227142849,0.09254830510982948,0.331235133551722,-0.01699185770264004,0.027708731921095197,-0.28686081509648614,-0.10007053390525227,0.025887132012445798,-0.14426773201841306,-0.029864111266807655,0.057319369999123765,0.19483415502669024,0.02149536197899615,0.06131415404610841,0.01225354552860562,0.09106710291920785,3,AGAINST,Logistic Regression
0.17429035924032787,-0.1310599790561627,0.24863999966162859,0.07553023921288181,0.4694750956792949,-0.24248516943669848,0.01847299485480628,0.15522724720309092,-0.10451491141139092,0.10358413692313864,-0.4175363221669221,0.46667369885305054,0.0882325052202099,0.0,1.2784054331099202,-0.013648573056412684,-0.0697194338665431,-0.36658847542423645,1.0373188147656252,0.004927781364899636,-0.03191703639968905,0.40192457422715083,0.20394932786899603,0.22565866809855786,-0.16351979637516187,-0.022452690363883906,0.0879638308162141,-0.0530334538679341,0.1414162227142849,0.09254830510982948,-1.1743791098651961,-0.01699185770264004,0.027708731921095197,-0.28686081509648614,-0.12572964516300925,0.025887132012445798,-0.14426773201841306,-0.029864111266807655,-1.0890680299833533,-1.6253560033188732,0.02149536197899615,0.06131415404610841,0.01225354552860562,-2.7495853577614295,3,AGAINST,Logistic Regression
0.0017256471211913726,-0.1310599790561627,0.019825222797314045,0.08268166867718449,0.4694750956792949,-0.24248516943669848,-0.0038415461481367923,0.062032610040072454,0.09331413155483265,-0.07280769196056656,0.09757115042093198,0.46667369885305054,0.0882325052202099,0.0,-0.4284208118588876,-0.021272018980883652,0.03828359143053902,-0.8572181096443381,-0.6397002909877261,0.013870078161962512,0.018860715382287074,-0.016321910816047787,0.22660636965352224,0.33050598531067205,-0.15786215673934467,-0.02463771192542423,0.08649984996532026,-0.0530334538679341,0.1414162227142849,-0.29306963284779347,0.331235133551722,-0.01699185770264004,0.027708731921095197,-0.28686081509648614,0.028225022383532698,0.025887132012445798,-0.14426773201841306,-0.029864111266807655,0.057319369999123765,0.19483415502669024,0.02149536197899615,0.06131415404610841,0.01225354552860562,0.09106710291920785,3,AGAINST,Logistic Regression
-0.17083906499794513,-0.1310599790561627,-0.08892848369333863,0.001082981472969944,-0.6318797090736438,0.1389093356667099,0.0014271649220025434,-0.052772377769443234,0.35488808836572827,0.16518128351744849,0.15763169249221798,-0.05149581313076281,-0.11987795733671328,0.0,0.5102135928989237,0.019184680819351253,0.0678844205860355,-0.576858318661423,-0.1117498317690789,0.034735437355109214,0.0019347981216283553,-0.6187088312859381,0.315853632162451,0.512042806384244,-0.1730117421961865,-0.025485027957002436,0.09611813571938178,-0.0530334538679341,0.1414162227142849,0.09254830510982948,0.331235133551722,-0.01699185770264004,0.027708731921095197,-0.28686081509648614,0.028225022383532698,0.025887132012445798,-0.14426773201841306,-0.029864111266807655,0.057319369999123765,0.19483415502669024,0.02149536197899615,0.06131415404610841,0.01225354552860562,0.09106710291920785,3,AGAINST,Logistic Regression
-0.10181318015029053,-0.6351368215798653,0.12861103370316715,0.08652275904443885,0.07298736596823713,-0.007110274858595004,0.012091036127964559,0.5938093135737488,0.1740283810850518,0.8353582384635404,-1.0051404020078816,0.46667369885305054,0.0882325052202099,0.0,0.9672877378244664,-0.12865370014557503,-0.1096667066847587,-0.2518914633975873,-0.6397002909877261,0.004927781364899636,-0.03191703639968905,-0.4980507560022765,0.03900303398920835,-0.2501848843412595,-0.14909020733595513,-0.023530659070006465,-0.4440717430725309,-0.0530334538679341,0.1414162227142849,0.09254830510982948,0.331235133551722,-0.01699185770264004,0.027708731921095197,-0.28686081509648614,0.00256591112577571,0.025887132012445798,-0.14426773201841306,-0.029864111266807655,0.057319369999123765,0.19483415502669024,0.02149536197899615,0.06131415404610841,0.01225354552860562,0.09106710291920785,3,AGAINST,Logistic Regression
0.03623858954501868,0.37301686346754,-0.1633419317823568,0.01921423424375576,-0.0025341063576788387,0.03772303839437701,0.004738926166090131,0.1637170278142147,0.061284667455539364,0.31477435381791563,0.4218980776058766,-0.1995442451261385,0.0882325052202099,0.0,-0.1771159483424942,0.014874523939907331,0.016129124702932412,0.2642210542873229,0.039093156579106454,0.004927781364899636,-0.03191703639968905,2.01610755760947,0.3181965075202775,-0.33200158480019476,0.1384099417856832,-0.024195154851115758,0.0931365619458729,-0.0530334538679341,0.1414162227142849,0.09254830510982948,-1.1743791098651961,-0.01699185770264004,0.027708731921095197,-0.28686081509648614,-0.07441142264749527,0.025887132012445798,-0.14426773201841306,-0.029864111266807655,0.057319369999123765,0.19483415502669024,0.02149536197899615,0.06131415404610841,0.01225354552860562,0.09106710291920785,3,AGAINST,Logistic Regression
-0.27437789226942705,-0.6351368215798653,-0.2416652390082554,-0.09848257016500639,-0.5217442285983498,0.19884275789724548,0.007222747099155819,0.09877020613911736,0.026052256946316504,0.5840418803587566,-0.2916211622010025,0.46667369885305054,-0.005417202930405525,0.0,0.8760980685166609,-0.04719173512408504,-0.030198488779763274,-0.3661556729515271,-0.6397002909877261,0.004927781364899636,-0.03191703639968905,-0.2703448812275394,-0.9108958573020757,-0.28599855285045545,-0.13649524569495522,-0.024748898711279253,-0.4619389499751703,0.4290888540223758,0.1414162227142849,0.09254830510982948,0.331235133551722,-0.01699185770264004,0.027708731921095197,-0.28686081509648614,0.05388413364128969,0.025887132012445798,-0.14426773201841306,-0.029864111266807655,0.057319369999123765,0.19483415502669024,0.02149536197899615,0.06131415404610841,0.01225354552860562,0.09106710291920785,3,AGAINST,Logistic Regression
0.03623858954501868,0.37301686346754,0.2907062260489399,0.1855361000339898,-0.0025341063576788387,-0.032329013563391774,0.004738926166090131,0.23588016300876755,0.061284667455539364,0.31477435381791563,-0.25764405554353176,-0.1995442451261385,0.0882325052202099,0.0,-0.5018791565790642,0.014874523939907331,-0.2220313926188383,0.2642210542873229,0.039093156579106454,-0.012956812229226115,-0.00652816050870099,-0.5525285582762631,-0.6395919693536417,0.3417675409502926,-0.15689060107573008,-0.02516549618474986,0.0825955655866883,-0.0530334538679341,0.1414162227142849,0.09254830510982948,-1.1743791098651961,-0.01699185770264004,0.027708731921095197,-0.28686081509648614,-0.04875231138973827,0.025887132012445798,-0.14426773201841306,-0.029864111266807655,0.057319369999123765,0.19483415502669024,0.02149536197899615,0.06131415404610841,0.01225354552860562,0.09106710291920785,3,AGAINST,Logistic Regression
-0.17083906499794513,-0.1310599790561627,-0.053613626973126716,0.044084515715739896,0.2859159615538043,-0.13351531083572482,-0.0063002779808684845,0.0033545051596532015,0.14936569372859598,0.16518128351744849,0.4218980776058766,-0.05149581313076281,-0.01582272605825169,0.0,-0.11763550727352562,0.004099131741297569,-0.11402836732175625,-0.8572181096443381,-0.6397002909877261,0.004927781364899636,-0.03191703639968905,-0.37678411009709784,0.2519912448863671,-0.3204523013977815,-0.12447452276241465,-0.020161010232354205,0.044867016639431045,-0.0530334538679341,0.1414162227142849,0.09254830510982948,0.331235133551722,-0.01699185770264004,0.027708731921095197,-0.28686081509648614,0.07954324489904668,0.025887132012445798,-0.14426773201841306,-0.029864111266807655,0.057319369999123765,0.19483415502669024,0.02149536197899615,0.06131415404610841,0.01225354552860562,0.09106710291920785,3,AGAINST,Logistic Regression
0.31234212893563706,0.37301686346754,0.19902342494838962,0.08690587043184593,0.4694750956792949,-0.24248516943669848,0.00856018914003734,0.02494176782469039,-0.23006026560149445,-0.2375692903684237,0.4218980776058766,-0.6095245183441009,0.0882325052202099,0.0,0.8070149857077178,0.002938704889139572,-0.04756496713893649,0.2642210542873229,0.45681220123561883,0.004927781364899636,-0.03191703639968905,2.2737767817589405,0.30297376746207905,-0.3491952067643713,-0.1181275975506037,-0.018997387309226833,0.07083373589430692,-0.0530334538679341,0.1414162227142849,0.09254830510982948,0.331235133551722,-0.01699185770264004,0.027708731921095197,-0.28686081509648614,-0.15138875642076624,0.025887132012445798,-0.14426773201841306,-0.029864111266807655,0.057319369999123765,0.19483415502669024,0.02149536197899615,0.06131415404610841,0.01225354552860562,0.09106710291920785,3,AGAINST,Logistic Regression
-0.6540202589315274,-0.6351368215798653,-0.18023030838461834,-0.14288815453216916,-0.6184485529181201,0.2598393006994978,-0.018645339203747804,-0.37310629497453074,0.04409812574372325,0.29288268499345677,0.2478689947261502,-0.557027044334483,0.0882325052202099,0.0,-1.082379246562898,0.0044670719627135135,0.13533246373452668,0.06597674491126042,-0.6397002909877261,-0.02189910902628899,0.06329124819151617,-0.47193263974601996,0.27676502924747515,0.39436548865097204,-0.05749826517068534,-0.025186247286392283,0.08636679674105308,0.4290888540223758,0.1414162227142849,0.09254830510982948,-1.1743791098651961,-0.01699185770264004,0.027708731921095197,-0.28686081509648614,0.49008902502315854,0.025887132012445798,-0.14426773201841306,-0.029864111266807655,0.057319369999123765,0.19483415502669024,0.02149536197899615,0.06131415404610841,0.01225354552860562,0.09106710291920785,3,AGAINST,Logistic Regression
0.0017256471211913726,0.37301686346754,0.05233094318750923,0.19691794069841323,0.24419797652528488,-0.108749433880958,0.005642133778114015,0.2686815880972005,0.00923678829418749,0.7839526197602895,-0.22675577676401334,-0.1692616113089021,0.0882325052202099,0.0,0.8650848234311779,0.01575614693797542,-0.09187390059414964,0.2642210542873229,-0.6397002909877261,0.004927781364899636,-0.03191703639968905,-0.5643388089657405,0.31947119013215053,0.47725766459949404,-0.16133294142046406,-0.025115347853119932,0.08701633826666319,-0.0530334538679341,0.1414162227142849,0.09254830510982948,0.331235133551722,-0.01699185770264004,0.027708731921095197,-0.28686081509648614,-0.023093200131981288,0.025887132012445798,-0.14426773201841306,-0.029864111266807655,0.057319369999123765,0.19483415502669024,0.02149536197899615,0.06131415404610841,0.01225354552860562,0.09106710291920785,3,AGAINST,Logistic Regression
-0.6195073165077001,0.37301686346754,-0.1681661934593142,-0.10676926802046115,-0.27393939752893887,0.1252881033415881,-0.019726710024606894,-0.330600448268471,0.1185373345330261,-0.20132173871869555,0.06513845770243708,0.11690927826397615,-0.26295390034459826,0.0,-1.9383978977736278,0.024087484269718688,-0.1754255622455424,0.2642210542873229,0.42939938893003554,-0.012956812229226115,0.0315551533277811,-0.43598890314191147,0.10799540529705998,0.40565681627943684,-0.14444030166852007,-0.025259065431183926,0.080460226751778,-0.0530334538679341,-0.32997118633333145,-0.29306963284779347,0.331235133551722,-0.01699185770264004,0.027708731921095197,-0.28686081509648614,0.4387708025076445,0.025887132012445798,-0.14426773201841306,-0.029864111266807655,0.057319369999123765,0.19483415502669024,0.02149536197899615,0.06131415404610841,0.01225354552860562,0.09106710291920785,3,AGAINST,Logistic Regression
0.07075153196884598,-0.1310599790561627,-0.09069422652934915,-0.08937874822273591,0.22167026460988343,-0.09537586032538385,-0.02755074596376381,-0.4063717402227514,0.30350748970644514,-0.20132173871869555,-0.2916211622010025,0.46667369885305054,-0.052242057005713397,0.0,-1.897587706262419,0.013904738642032443,-0.047472656860904835,-0.8572181096443381,-0.6397002909877261,-0.026370257424820423,0.006166277436793038,-0.10468833905689186,-0.013345127306499087,0.2969661393686157,-0.14399486593932764,-0.02300767434477785,0.08657158747703313,-0.0530334538679341,0.1414162227142849,0.09254830510982948,0.331235133551722,-0.01699185770264004,0.027708731921095197,-0.28686081509648614,0.028225022383532698,0.025887132012445798,-0.14426773201841306,-0.029864111266807655,0.057319369999123765,0.19483415502669024,0.02149536197899615,0.06131415404610841,0.01225354552860562,0.09106710291920785,3,AGAINST,Logistic Regression
0.27782918651180977,-0.1310599790561627,0.47800109115434986,0.2737475721129313,-0.23853870737616598,0.17782714230991473,0.017158030831418564,0.7410221093706362,-0.29103943763668755,0.5391639592686162,-0.08775852225617961,0.46667369885305054,0.0882325052202099,0.0,1.5304683806791533,-0.05301044691133428,-0.2552630927102483,-0.0862286844413212,-0.6397002909877261,0.004927781364899636,-0.03191703639968905,-0.15497731269137552,0.09298687367905376,-0.3302073630078711,0.5434262406887521,-0.015947626484310633,-0.04345961681936225,-0.0530334538679341,0.1414162227142849,0.09254830510982948,0.331235133551722,-0.01699185770264004,0.027708731921095197,-0.28686081509648614,-0.20270697893628023,0.025887132012445798,-0.14426773201841306,-0.029864111266807655,0.057319369999123765,0.19483415502669024,0.02149536197899615,0.06131415404610841,0.01225354552860562,0.09106710291920785,3,AGAINST,Logistic Regression
-0.30889083469325435,-1.1392136641035682,0.006193791665942018,0.2226253004378818,-0.4897694116861681,0.13715175730217796,0.0010532563944442702,-0.06906727926498737,0.16925495772573776,0.3002976050791605,0.1917305808939804,0.46667369885305054,-0.09302499442614251,0.0,0.4838844370852404,-0.005146849951703113,0.0402089200866286,-0.08447203308497526,-0.17987247166825923,0.04479552125180496,0.053241484818000076,-0.380734113868977,0.2996904239184012,0.4435069032145007,-0.16438479138780737,-0.02360934883574626,0.09582599593903963,-0.0530334538679341,0.1414162227142849,0.09254830510982948,0.331235133551722,-0.01699185770264004,0.027708731921095197,-0.28686081509648614,0.10520235615680368,0.025887132012445798,-0.14426773201841306,-0.029864111266807655,0.057319369999123765,0.19483415502669024,0.02149536197899615,0.06131415404610841,0.01225354552860562,0.09106710291920785,3,AGAINST,Logistic Regression
-0.10181318015029053,0.37301686346754,0.0046558866152230285,0.012036939442182369,-0.9182319583094082,0.46363951429761174,0.0037453977928638494,-0.07297805562391795,-0.1219238671924187,-0.2955653730079898,0.136490381683125,0.46667369885305054,0.0882325052202099,0.0,0.44742868288167914,0.017977836893106943,-0.0586422005027398,0.2642210542873229,-0.06951379503158656,0.004927781364899636,0.0315551533277811,1.9268357020347042,0.285892496982645,-0.29332616398348405,0.003449130379507468,-0.02075391751926614,0.06607145925799436,-0.0530334538679341,0.1414162227142849,-0.29306963284779347,0.331235133551722,-0.01699185770264004,0.027708731921095197,-0.28686081509648614,0.10520235615680368,0.025887132012445798,-0.14426773201841306,-0.029864111266807655,0.057319369999123765,0.19483415502669024,0.02149536197899615,0.06131415404610841,0.01225354552860562,0.09106710291920785,3,AGAINST,Logistic Regression
0.13977741681650055,0.37301686346754,0.10530322826782719,0.06056652168053403,0.19413639449106007,-0.07903038153523767,-0.004368417255150729,0.11560827101784633,-0.05615670090853633,-0.8819702085858201,0.4218980776058766,-0.3105805691226694,0.0882325052202099,0.0,-0.3059902373252601,-0.010986417336756156,0.1213628416590637,0.2642210542873229,0.9441510866682169,0.004927781364899636,-0.03191703639968905,-0.11323903437205803,0.28154666920523197,-0.3397448493930288,-0.06531479575150616,-0.021211325812772974,-0.04766705574706439,-0.0530334538679341,0.1414162227142849,0.09254830510982948,0.331235133551722,-0.01699185770264004,0.027708731921095197,-0.28686081509648614,-0.04875231138973827,0.025887132012445798,-0.14426773201841306,-0.029864111266807655,0.057319369999123765,0.19483415502669024,0.02149536197899615,0.06131415404610841,0.01225354552860562,0.09106710291920785,3,AGAINST,Logistic Regression
-0.6195073165077001,-1.1392136641035682,-0.1085723727439565,-0.013480260934379413,-0.026134566459527442,0.05173344878593074,-0.011902674085449977,-0.2927148022913309,0.30350748970644514,0.26989643272777525,-0.4700009721527222,-0.5826195629141724,-0.052242057005713397,0.0,-1.3466501208610944,0.003721993014346199,0.09744608780539751,-0.3336014163351663,-0.28333373101513887,0.005842334446417428,0.05705943320009184,-0.06900573922653347,0.27206214979443016,0.3440708673490833,-0.1618549938625673,-0.024892725871521817,0.08170797796074625,0.9112111619126855,0.1414162227142849,-0.29306963284779347,-2.6799933532821147,-0.01699185770264004,0.027708731921095197,-0.28686081509648614,0.41311169124988756,0.025887132012445798,-0.14426773201841306,-0.029864111266807655,0.057319369999123765,0.19483415502669024,0.02149536197899615,0.06131415404610841,0.01225354552860562,0.09106710291920785,3,AGAINST,Logistic Regression
-0.13632612257411783,0.37301686346754,-0.14937121923370134,-0.23000664642471835,-0.10238220678857733,0.09699785158941215,-0.011501441473185516,-0.3830574965445114,0.33907867339364123,-0.2375692903684237,-0.6758238297893215,-0.07142540974552455,-0.019824850338192455,0.0,-0.9652317925063316,0.034270229897404934,-0.05411498338883762,0.2642210542873229,0.45681220123561883,0.0004566329663681982,0.03108498895942947,-0.024690455332926055,0.2741589133784317,0.31391608084160977,-0.1398736379678496,-0.020434021634247134,0.07657251900143969,0.4290888540223758,0.1414162227142849,0.09254830510982948,0.331235133551722,-0.01699185770264004,0.027708731921095197,-0.28686081509648614,0.15652057867231767,0.025887132012445798,-0.14426773201841306,-0.029864111266807655,0.057319369999123765,0.19483415502669024,0.02149536197899615,0.06131415404610841,0.01225354552860562,0.09106710291920785,3,AGAINST,Logistic Regression
-0.27437789226942705,-0.1310599790561627,-0.1542609686257307,0.020936090549658587,-0.026134566459527442,-0.04633942395494566,0.010700096405447777,0.1492844007753043,-0.03560446144482308,0.26989643272777525,0.4218980776058766,0.46667369885305054,0.0882325052202099,0.0,1.2611211167051726,0.007116241556908307,-0.014333267047526632,-0.7871281618986092,0.3106105356058388,0.004927781364899636,-0.03191703639968905,-0.5690129639939738,0.027633969377141715,-0.35002720410699895,-0.03311566546862672,-0.024039553983241774,-0.511135904935691,-0.0530334538679341,0.1414162227142849,0.09254830510982948,0.331235133551722,-0.01699185770264004,0.027708731921095197,-0.28686081509648614,0.00256591112577571,0.025887132012445798,-0.14426773201841306,-0.029864111266807655,0.057319369999123765,0.19483415502669024,0.02149536197899615,0.06131415404610841,0.01225354552860562,0.09106710291920785,3,AGAINST,Logistic Regression
0.4503938986309463,0.37301686346754,0.44962308128989387,0.19379003460391145,0.4694750956792949,-0.24248516943669848,0.024609493630615625,0.4523695685924255,-0.46720149018280094,0.16518128351744849,0.4218980776058766,0.46667369885305054,0.0882325052202099,0.0,2.142621253347291,-0.010986417336756156,-0.1915690008683793,0.2642210542873229,-0.6397002909877261,0.004927781364899636,-0.03191703639968905,-0.5785339595872057,0.048367644236435414,-0.33668664087463707,-0.12073446357498367,-0.02437460605969999,-0.20551346111791308,-0.0530334538679341,0.1414162227142849,0.09254830510982948,0.331235133551722,-0.01699185770264004,0.027708731921095197,-0.28686081509648614,-0.27968431270955124,0.025887132012445798,-0.14426773201841306,-0.029864111266807655,0.057319369999123765,0.19483415502669024,0.02149536197899615,0.06131415404610841,0.01225354552860562,0.09106710291920785,3,AGAINST,Logistic Regression
0.27782918651180977,0.37301686346754,-0.1519907278365742,-0.15993990416778853,0.11546819415156472,-0.032329013563391774,0.0022551052330244477,-0.23318021575582504,0.23744672000165265,0.5391639592686162,-0.5974151221182358,-0.5326532171157328,0.0882325052202099,0.0,0.043811404199390086,0.034270229897404934,0.1271532136446882,0.2642210542873229,-0.6397002909877261,0.004927781364899636,-0.03191703639968905,-0.5418177466708474,0.18388711615924222,0.4596677561747357,-0.15943969228058852,-0.024560189697966056,0.09055468033006639,-0.0530334538679341,0.1414162227142849,0.09254830510982948,-1.1743791098651961,-0.01699185770264004,0.027708731921095197,-0.28686081509648614,-0.15138875642076624,0.025887132012445798,-0.14426773201841306,-0.029864111266807655,0.057319369999123765,0.19483415502669024,0.02149536197899615,0.06131415404610841,0.01225354552860562,0.09106710291920785,3,AGAINST,Logistic Regression
-0.03278729530263593,-0.1310599790561627,0.1456082277854604,0.13571097451231184,0.253992633879807,-0.11456403107903365,0.011002474605994909,0.16685455543136932,0.04213661826574426,0.39282291223555055,-0.819004948145217,0.46667369885305054,0.0882325052202099,0.0,0.9183155080110159,-0.00114801576411243,-0.019871883729428257,-0.5067683709156942,-0.019932360600618114,0.01610565236122823,0.015687105895913562,1.0544385536095948,0.2695750884925151,0.011239914945367798,-0.13081693577696624,-0.022782036137335402,0.08462973264498588,-0.0530334538679341,0.1414162227142849,0.09254830510982948,0.331235133551722,-0.01699185770264004,0.027708731921095197,-0.28686081509648614,0.00256591112577571,0.025887132012445798,-0.14426773201841306,-0.029864111266807655,0.057319369999123765,0.19483415502669024,0.02149536197899615,0.06131415404610841,0.01225354552860562,0.09106710291920785,3,AGAINST,Logistic Regression
-0.17083906499794513,0.37301686346754,-0.1154146262334975,-0.07695883267782885,0.10235682742831588,-0.024545452234750867,-0.01789144233517502,-0.2772799094858295,0.14936569372859598,-0.532919711218063,0.4218980776058766,0.46667369885305054,-0.11987795733671328,0.0,-1.5302959826615359,0.019184680819351253,-0.03648773377513319,0.2642210542873229,2.0000520051055113,0.004927781364899636,-0.03191703639968905,-0.10953836517197532,0.13362600101378513,-0.28152833974076485,0.11736317297797637,-0.0006049053945587735,0.01183574025657377,-0.0530334538679341,0.1414162227142849,0.09254830510982948,0.331235133551722,-0.01699185770264004,-0.5264659065008088,1.98658638771192,0.15652057867231767,0.025887132012445798,1.9166998682446303,1.4633414520735761,0.057319369999123765,-1.698163609652699,0.02149536197899615,-0.6283619674875065,-0.7549545550679797,0.09106710291920785,3,AGAINST,Logistic Regression
-0.723046143779182,-1.1392136641035682,0.05233094318750923,0.18572908305421532,-0.9136216358709076,0.3048983063263327,0.0027749747306428426,0.04120751922811374,0.20672078060407473,0.11647656295450623,0.09002866374221226,0.1413114471422847,-0.10777851183921788,0.0,0.5102135928989237,-0.022563699187355495,-0.025924800531792285,-0.05505385246425566,0.35481103916833107,0.03287245885572112,0.05535722447558241,-0.6118620446070051,0.31289025496958445,0.5070423680189267,-0.16926079340275216,-0.025519085657209083,0.09517564223125309,0.4290888540223758,-0.32997118633333145,0.09254830510982948,0.331235133551722,0.549403399052028,0.027708731921095197,-0.28686081509648614,0.3104752462188596,0.025887132012445798,-0.14426773201841306,-0.029864111266807655,0.057319369999123765,0.19483415502669024,0.02149536197899615,0.06131415404610841,0.01225354552860562,0.09106710291920785,3,AGAINST,Logistic Regression
-0.10181318015029053,-0.1310599790561627,-0.01441413601369145,0.01297930064264422,0.4694750956792949,-0.24248516943669848,-0.012945878877337566,-0.13359508918734217,0.24801644315441937,-1.049514447322343,-0.4343250101623781,-0.6525724470319874,-0.13652679434126735,0.0,-1.3942620109575046,0.0016854438888089472,0.04936082479434232,-0.7170382141528805,1.0708591968806924,-0.03978370262041474,0.0315551533277811,-0.621320290412169,0.23498336087631436,-0.35478734695472536,-0.17079705494376754,-0.023247249956815798,-0.8992626023438408,0.4290888540223758,0.1414162227142849,-0.29306963284779347,0.331235133551722,-0.01699185770264004,0.027708731921095197,1.9711592237487081,0.07954324489904668,-0.8370172684024137,1.9166998682446303,-0.029864111266807655,0.057319369999123765,-1.9562996684726148,-0.5997008786984148,-0.7224087113329987,0.01225354552860562,0.09106710291920785,3,AGAINST,Logistic Regression
-0.34340377711708164,-0.6351368215798653,-0.1041028361903047,-0.2155121224869474,0.15971905684253085,-0.10457019214484099,-0.021030716014466377,-0.4158431517170364,0.30350748970644514,0.03428734700453984,-0.2470262097130725,-2.1565594555650076,0.0004359038290078463,0.0,-1.5302959826615359,-0.003915066206418487,0.11389525847760315,0.19813961782863537,0.2512161089437419,0.007722249113981784,0.0416049167012972,-0.6328560995156771,0.323592347864558,-0.35567679472768765,1.3126616865929963,-0.024167413240951896,0.08449398717932921,-0.0530334538679341,0.1414162227142849,-0.29306963284779347,-1.1743791098651961,-0.01699185770264004,0.027708731921095197,-0.28686081509648614,0.3104752462188596,0.025887132012445798,-0.14426773201841306,-0.029864111266807655,0.057319369999123765,0.19483415502669024,0.02149536197899615,0.06131415404610841,0.01225354552860562,0.09106710291920785,3,AGAINST,Logistic Regression
0.10526447439267328,0.37301686346754,0.2656140910108945,0.15255648351314385,0.20862790507991494,-0.08763326510899884,0.002647287485613767,0.0004004586897008363,0.08446388489581734,-0.7717437357328436,0.046361635602256236,0.46667369885305054,0.0882325052202099,0.0,0.9672877378244664,0.012832870681223374,-0.09187390059414964,0.2642210542873229,0.11054509842824664,0.004927781364899636,-0.03191703639968905,-0.49936120514062005,0.2847821521471715,-0.3243477424557077,0.517654473394061,0.02553097569632074,-0.128930096428985,-0.0530334538679341,0.1414162227142849,0.09254830510982948,0.331235133551722,-0.01699185770264004,0.027708731921095197,-0.28686081509648614,-0.04875231138973827,0.025887132012445798,-0.14426773201841306,-0.029864111266807655,0.057319369999123765,0.19483415502669024,0.02149536197899615,0.06131415404610841,0.01225354552860562,0.09106710291920785,3,AGAINST,Logistic Regression
0.17429035924032787,-0.1310599790561627,-0.2281105660612328,-0.09656816875153068,-0.11359509507226104,0.10365438141345369,-0.01834599780004979,-0.2904862348809109,0.11309703585145499,-0.4507901824256506,0.0021808777194772407,0.46667369885305054,-0.4075600673418722,0.0,-1.0711813281604323,0.010310828420496123,0.24250030080179835,-0.29649852767850765,1.0373188147656252,-0.03978370262041474,0.04001811195811047,-0.15018112759493712,-1.0921131169961946,-0.13985793840032595,0.1538178066316292,-0.024975744526923586,-0.051359236204720084,-0.0530334538679341,-0.32997118633333145,0.09254830510982948,0.331235133551722,-0.01699185770264004,0.027708731921095197,-0.28686081509648614,-0.07441142264749527,0.025887132012445798,-0.14426773201841306,-0.029864111266807655,0.057319369999123765,0.19483415502669024,0.02149536197899615,0.06131415404610841,0.01225354552860562,0.09106710291920785,3,AGAINST,Logistic Regression
0.38136801378329166,0.37301686346754,0.2690357457888099,0.16975923334846663,0.018920857371274892,0.024986301674782614,0.015125813704364818,0.40644757346861926,-0.4111499280090376,1.2123327756207172,0.4218980776058766,0.46667369885305054,0.0882325052202099,0.0,1.3264174231231072,-0.002757936021454137,-0.13618283404936285,0.2642210542873229,-0.6397002909877261,0.004927781364899636,-0.03191703639968905,0.05227327026852309,0.18055833817152828,-0.056085670544322154,0.45638466959475166,-0.023685399497355875,0.07930480251795938,-0.0530334538679341,0.1414162227142849,0.09254830510982948,0.331235133551722,-0.01699185770264004,0.027708731921095197,-0.28686081509648614,-0.2540252014517942,0.025887132012445798,-0.14426773201841306,-0.029864111266807655,0.057319369999123765,0.19483415502669024,0.02149536197899615,0.06131415404610841,0.01225354552860562,0.09106710291920785,3,AGAINST,Logistic Regression
0.38136801378329166,0.37301686346754,0.4207291076097205,0.20734608597660673,0.4694750956792949,-0.24248516943669848,0.005642133778114015,0.6819795442114569,-0.5793046145303278,1.2123327756207172,0.4218980776058766,0.46667369885305054,0.0882325052202099,0.0,1.0124928730368832,-0.07681426785917228,-0.025410500411329934,0.2642210542873229,0.6561781089125909,0.004927781364899636,-0.03191703639968905,-0.6134757786758804,0.3167555018756527,-0.3540991978578042,1.272076316213189,-0.021074828299000713,0.08471202923407391,-0.0530334538679341,0.1414162227142849,0.09254830510982948,0.331235133551722,-0.01699185770264004,0.027708731921095197,-0.28686081509648614,-0.20270697893628023,0.025887132012445798,-0.14426773201841306,-0.029864111266807655,0.057319369999123765,0.19483415502669024,0.02149536197899615,0.06131415404610841,0.01225354552860562,0.09106710291920785,3,AGAINST,Logistic Regression
-0.723046143779182,-1.6432905066272707,-0.1472390610685723,-0.004600001579308863,-1.0288796968334242,0.4417441752670906,-0.016633486513777412,-0.24073217176455725,0.37878604123051113,-0.5410371646452202,0.09002866374221226,-0.18405080456848255,-0.23845252321216967,0.0,-1.1032125831256256,-0.0036190561591019923,0.13756492445853236,-0.12627494832469985,0.35481103916833107,-0.026742853124698047,0.02626580418382525,-0.5327450780854435,0.27913237663069707,0.48155152838246945,-0.1706621723239529,-0.025020059890514548,0.09395800841649214,-0.0530334538679341,0.1414162227142849,0.09254830510982948,0.331235133551722,-0.01699185770264004,0.027708731921095197,-0.28686081509648614,0.4387708025076445,0.025887132012445798,-0.14426773201841306,-0.029864111266807655,0.057319369999123765,0.19483415502669024,0.02149536197899615,0.06131415404610841,0.01225354552860562,0.09106710291920785,3,AGAINST,Logistic Regression
-1.1026885104412822,-0.6351368215798653,-0.12865769750357717,-0.13920795993728952,-0.4483205749481543,0.24787919426768368,-0.02755074596376381,-0.3895336753440224,0.25212689104716207,-0.009343965166429363,0.15763169249221798,-1.3469195930902973,-0.17190557297594408,0.0,-1.9977581763353864,0.011641906280324412,0.03539889524204854,-0.6297120487652321,-0.1117498317690789,0.0019470157658786809,0.018860715382287056,-0.6220564152243484,0.3258066296625243,0.5140773477097609,-0.1737457999291038,-0.025437277207862555,0.0956301326125405,-0.0530334538679341,-0.32997118633333145,0.09254830510982948,-1.1743791098651961,-0.01699185770264004,0.027708731921095197,1.984515627448402,0.8493165826317564,0.025887132012445798,-0.14426773201841306,-0.029864111266807655,-1.0890680299833533,-0.2691358853359037,0.02149536197899615,0.06131415404610841,0.01225354552860562,-0.6330207792150725,3,AGAINST,Logistic Regression
-0.7575590862030092,-0.6351368215798653,-0.1481209992186939,-0.1286865248993363,-0.5442719405137512,0.29245777278626384,-0.013325226074387596,-0.31682384973132915,0.3455461613367678,-0.7153779257512088,-0.22675577676401334,-0.1692616113089021,-0.10332371599695796,0.0,-1.5302959826615359,0.01575614693797542,0.006006180024186523,-0.8355932389962586,0.3322085089375105,0.02664478787205233,0.018785153251659123,-0.336321461809255,0.3157211329047857,0.43250099948611553,-0.1639637181247967,-0.02197561112467587,0.0946987154414312,0.4290888540223758,-0.32997118633333145,-0.29306963284779347,0.331235133551722,-0.01699185770264004,0.027708731921095197,-0.28686081509648614,0.5157481362809154,0.025887132012445798,-0.14426773201841306,-0.029864111266807655,0.057319369999123765,0.19483415502669024,0.02149536197899615,0.06131415404610841,0.01225354552860562,0.09106710291920785,3,AGAINST,Logistic Regression
-1.2752532225604187,-2.1473673491509735,-0.2830105564311137,-0.14669622791700956,-0.5385445561284796,0.2561904546694528,-0.02666667410623196,-0.3010624869981584,0.23296802375048026,-0.8642218782111879,0.18002714885778245,-0.24471156336201533,-0.007004486119398932,0.0,-1.9383978977736278,-0.00024755189136199907,0.15898389547088063,-0.8513619904325277,-0.15649139610964263,-0.012956812229226115,0.04424959127327513,2.5044294078618607,0.31847488431087734,-0.28248134424307,-0.16409590879265262,-0.02280388518627852,0.08982235153083341,-0.0530334538679341,0.1414162227142849,0.09254830510982948,-1.1743791098651961,-0.01699185770264004,0.027708731921095197,-0.28686081509648614,0.7979983601162424,0.025887132012445798,-0.14426773201841306,-0.029864111266807655,0.057319369999123765,0.19483415502669024,0.02149536197899615,0.06131415404610841,0.01225354552860562,0.09106710291920785,3,AGAINST,Logistic Regression
0.0017256471211913726,-0.1310599790561627,0.09567190370776932,-0.03813360939482687,-0.4316333809367457,0.29245777278626384,0.000900293814988615,-0.21349936070276518,-0.07484055496645736,-0.5011878478209951,0.4218980776058766,0.46667369885305054,0.0882325052202099,0.0,0.3936130457240408,-0.002757936021454137,0.010590508021030787,-0.36658847542423645,-0.6397002909877261,0.004927781364899636,-0.03191703639968905,-0.6290652071979728,0.32358983368662264,0.5148440418266933,-0.17271133374122455,-0.02549885125285695,0.09559995047917422,-0.0530334538679341,0.1414162227142849,0.09254830510982948,0.331235133551722,-0.01699185770264004,0.027708731921095197,-0.28686081509648614,0.05388413364128969,0.025887132012445798,-0.14426773201841306,-0.029864111266807655,0.057319369999123765,0.19483415502669024,0.02149536197899615,0.06131415404610841,0.01225354552860562,0.09106710291920785,3,AGAINST,Logistic Regression
0.27782918651180977,-0.1310599790561627,-0.16901753375524795,-0.200726094769513,0.4694750956792949,-0.24248516943669848,-0.012647820365369681,-0.34142491854765405,0.10532518059206768,-0.1340048570834849,-0.08775852225617961,0.46667369885305054,-0.11244544081682327,0.0,-1.00559352037456,0.00517667096115853,0.017329158317344426,-0.4366784231699653,1.3966800517127715,-0.050961573616743326,0.0315551533277811,1.2624997807328613,0.3029828223435288,-0.1191683028751938,-0.11410695503855756,0.04105638728163807,0.04329182511688271,-0.0530334538679341,0.1414162227142849,0.09254830510982948,0.331235133551722,-0.01699185770264004,0.027708731921095197,-0.28686081509648614,-0.12572964516300925,0.025887132012445798,-0.14426773201841306,-0.029864111266807655,0.057319369999123765,0.19483415502669024,0.02149536197899615,0.06131415404610841,0.01225354552860562,0.09106710291920785,3,AGAINST,Logistic Regression
-0.23986494984559975,-0.6351368215798653,-0.13672531563362553,0.010376110940826433,-0.38502432180143353,0.11260626634923346,0.01741497782449432,0.17367056370311867,-0.12702649216271997,0.23739862780043314,0.4218980776058766,0.46667369885305054,0.0882325052202099,0.0,1.3555675599168284,-0.007865269251641572,0.03828359143053902,-0.2346828502206319,-0.6397002909877261,0.004927781364899636,-0.03191703639968905,-0.5564692469252512,-1.446493560990449,-0.33592476050634024,-0.12046905686864562,-0.02324512664466324,-0.2077695979762946,-0.0530334538679341,0.1414162227142849,-0.29306963284779347,0.331235133551722,-0.01699185770264004,0.027708731921095197,-0.28686081509648614,0.028225022383532698,0.025887132012445798,-0.14426773201841306,-0.029864111266807655,0.057319369999123765,0.19483415502669024,0.02149536197899615,0.06131415404610841,0.01225354552860562,0.09106710291920785,3,AGAINST,Logistic Regression
0.13977741681650055,0.37301686346754,0.26422008350878107,0.16626151398093422,0.19413639449106007,-0.07903038153523767,0.013018329276309084,0.283988919805136,-0.15891789822710253,0.16518128351744849,0.4218980776058766,0.46667369885305054,0.0882325052202099,0.0,1.4080378061455254,0.011641906280324412,-0.1666452257998219,0.2642210542873229,0.15222539784024466,0.004927781364899636,-0.023454077769359705,0.10969667498377705,0.2410270157340125,0.2670562261613021,-0.12583305953196963,-0.024657543544420055,0.07055280112931235,-0.0530334538679341,-0.32997118633333145,0.09254830510982948,0.331235133551722,-0.01699185770264004,0.027708731921095197,-0.28686081509648614,-0.10007053390525227,0.025887132012445798,-0.14426773201841306,-0.029864111266807655,0.057319369999123765,0.19483415502669024,0.02149536197899615,0.06131415404610841,0.01225354552860562,0.09106710291920785,3,AGAINST,Logistic Regression
0.17429035924032787,0.37301686346754,0.3748386788235625,0.1476488552541092,0.17794000030351634,-0.06941539401162237,0.024609493630615625,0.33351264003669173,-0.32212685867423707,0.6579584562719278,0.0021808777194772407,0.46667369885305054,0.0882325052202099,0.0,1.7559983863989934,0.010310828420496123,-0.09187390059414964,0.2642210542873229,-0.6397002909877261,0.004927781364899636,-0.03191703639968905,-0.24162372666392345,0.1207252947225473,-0.21059730884634814,0.02706364250692039,-0.018353464165105728,-0.11683492799783017,-0.0530334538679341,0.1414162227142849,0.09254830510982948,-1.1743791098651961,-0.01699185770264004,0.027708731921095197,-0.28686081509648614,-0.10007053390525227,0.025887132012445798,-0.14426773201841306,-0.029864111266807655,0.057319369999123765,0.19483415502669024,0.02149536197899615,0.06131415404610841,0.01225354552860562,0.09106710291920785,3,AGAINST,Logistic Regression
0.13977741681650055,0.37301686346754,0.3701646536694168,0.25456479374856966,-0.356541007885409,0.24787919426768368,0.01881391145346236,0.70494054177336,-0.26167909554566876,0.16518128351744849,0.025498499935388684,0.46667369885305054,0.0882325052202099,0.0,1.6835065988461877,-0.05624306457091724,-0.12510560068555956,0.2642210542873229,-0.6397002909877261,0.004927781364899636,-0.03191703639968905,0.4215376405439701,0.19835935810009572,0.17177581577565026,-0.1422313842502612,-0.020524722614394603,0.05967291931068306,-0.0530334538679341,-0.32997118633333145,0.09254830510982948,0.331235133551722,-0.01699185770264004,0.027708731921095197,-0.28686081509648614,-0.12572964516300925,0.025887132012445798,-0.14426773201841306,-0.029864111266807655,0.057319369999123765,0.19483415502669024,0.02149536197899615,0.06131415404610841,0.01225354552860562,0.09106710291920785,3,AGAINST,Logistic Regression
-0.06730023772646324,0.37301686346754,0.07219555009262839,0.08870341436157018,-0.15003698199423315,0.1252881033415881,0.0028760604662908646,0.010370365525790383,-0.46720149018280094,1.2123327756207172,-0.1727012888998557,0.46667369885305054,0.0882325052202099,0.0,0.3061626353428776,-0.03361474095383668,-0.1998769258912318,0.2642210542873229,-0.6397002909877261,0.0004566329663681982,0.0315551533277811,0.27850665062765495,0.24586579842719666,-0.31947738976089074,-0.06115015947933845,0.00222899302386091,0.02818176383687663,-0.0530334538679341,0.1414162227142849,0.09254830510982948,0.331235133551722,-0.01699185770264004,0.027708731921095197,-0.28686081509648614,0.00256591112577571,0.025887132012445798,-0.14426773201841306,-0.029864111266807655,0.057319369999123765,0.19483415502669024,0.02149536197899615,0.06131415404610841,0.01225354552860562,0.09106710291920785,3,AGAINST,Logistic Regression
-0.03278729530263593,0.37301686346754,0.11451579958614339,-0.026854883035836524,-0.607937213318145,0.39712052235162604,0.006466801597788,-0.09669776440960579,-0.1991288015256719,-0.42668695114961586,-0.19855343526967015,0.46667369885305054,0.0882325052202099,0.0,0.22631660847312057,0.016561107066646253,-0.00325603368372333,0.2642210542873229,-0.6397002909877261,0.004927781364899636,-0.03191703639968905,0.4356105652642327,0.2705263855676074,-0.34170889317356445,0.5520519529797101,-0.012785111895621743,0.004133992104358306,-0.0530334538679341,0.1414162227142849,0.09254830510982948,0.331235133551722,-0.01699185770264004,0.027708731921095197,-0.28686081509648614,0.05388413364128969,0.025887132012445798,-0.14426773201841306,-0.029864111266807655,0.057319369999123765,0.19483415502669024,0.02149536197899615,0.06131415404610841,0.01225354552860562,0.09106710291920785,3,AGAINST,Logistic Regression
-0.10181318015029053,-0.6351368215798653,-0.11929926047272087,-0.08604541367510259,-0.3235003637428212,0.2282646197195083,-0.004600240542236862,-0.31544618987761497,0.1740283810850518,-0.6725399101651666,-0.14891731423962662,-0.09294937408946846,-0.02414714456052873,0.0,-0.03392229391719884,0.0016854438888089472,0.08689154640551394,-0.21229896072890359,-0.06951379503158656,0.004927781364899636,-0.00018094153595397575,0.09951048692182533,-0.32365348843096775,0.16984403751883295,-0.13140529174288962,-0.024412276822881506,0.0278388950400875,-0.0530334538679341,-0.32997118633333145,0.09254830510982948,-1.1743791098651961,-0.01699185770264004,0.027708731921095197,-0.28686081509648614,0.13086146741456067,0.025887132012445798,-0.14426773201841306,-0.029864111266807655,0.057319369999123765,0.19483415502669024,0.02149536197899615,0.06131415404610841,0.01225354552860562,0.09106710291920785,3,AGAINST,Logistic Regression
-0.20535200742177245,-0.6351368215798653,-0.1009103100805535,0.0981334047858227,-0.23853870737616598,0.1252881033415881,0.009706568032221505,0.30804329820332016,0.03926441088727517,0.8757483674446666,-0.3425868221872077,0.46667369885305054,-0.11244544081682327,0.0,-0.5780581807333208,-0.009370108506964672,0.007821199680079972,0.19813961782863537,-0.6397002909877261,-0.028605831624086142,0.020976455039869394,-0.6080255570637859,0.313892546166719,0.5021589246747967,-0.16966677289856552,-0.02542725016300669,0.09280575803235198,-0.0530334538679341,0.1414162227142849,0.09254830510982948,0.331235133551722,-0.01699185770264004,0.027708731921095197,-0.28686081509648614,0.00256591112577571,0.025887132012445798,-0.14426773201841306,-0.029864111266807655,0.057319369999123765,0.19483415502669024,0.02149536197899615,0.06131415404610841,0.01225354552860562,0.09106710291920785,3,AGAINST,Logistic Regression
-0.41242966196473624,-0.1310599790561627,0.03830886772507238,0.14554980132228465,-0.40513019044803905,0.14692182526972253,6.349852737824652e-05,-0.1122008420473102,0.058694049035743594,1.2123327756207172,-0.2076777222237221,0.46667369885305054,0.0056004097931963495,0.0,-0.15295201915822576,0.02229052915895055,-0.06436543774070488,-0.8572181096443381,-0.6397002909877261,-0.06661059301160335,0.06329124819151617,-0.37899449018991366,0.2542916008702459,0.4088264081392207,-0.12625980632361222,-0.02527198172196036,0.08888641871474941,-0.0530334538679341,0.1414162227142849,-0.29306963284779347,0.331235133551722,-0.01699185770264004,0.027708731921095197,-0.28686081509648614,0.18217968993007466,0.025887132012445798,-0.14426773201841306,-0.029864111266807655,0.057319369999123765,0.19483415502669024,0.02149536197899615,0.06131415404610841,0.01225354552860562,0.09106710291920785,3,AGAINST,Logistic Regression
-0.27437789226942705,-0.6351368215798653,-0.22577355348415995,-0.007514779868351297,-0.356541007885409,0.14980632152680728,0.007222747099155819,0.19979859541149117,-0.15891789822710253,0.5840418803587566,0.18405833100358385,0.46667369885305054,0.0882325052202099,0.0,0.8308650976298535,-0.03361474095383668,0.09366975824955548,-0.7092192905948125,-0.16454487769094367,0.004927781364899636,-0.03191703639968905,0.2772303417084575,0.22867980627534362,-0.34825119206845156,0.10598418759927432,-0.01827225621350125,0.0036603663734714356,-0.0530334538679341,0.1414162227142849,0.09254830510982948,0.331235133551722,-0.01699185770264004,-0.5264659065008088,-0.28686081509648614,0.13086146741456067,0.025887132012445798,-0.14426773201841306,-0.029864111266807655,0.057319369999123765,0.19483415502669024,0.02149536197899615,0.06131415404610841,0.01225354552860562,0.09106710291920785,3,AGAINST,Logistic Regression
-0.10181318015029053,-0.1310599790561627,-0.03348415864260593,0.06056197785199043,-0.5217442285983498,0.34595206700856007,-0.004600240542236862,-0.19421212275076646,-0.26989999133115405,0.8353582384635404,-0.4343250101623781,0.46667369885305054,0.0882325052202099,0.0,-0.3059902373252601,0.0016854438888089472,-0.12510560068555956,-0.8572181096443381,-0.6397002909877261,0.0004566329663681982,0.0315551533277811,2.28668567514496,0.2932337845277605,-0.3272041790374025,-0.14656174534179328,-0.016235398101811377,0.08251835282973931,-0.0530334538679341,0.1414162227142849,0.09254830510982948,0.331235133551722,-0.01699185770264004,0.027708731921095197,-0.28686081509648614,0.028225022383532698,0.025887132012445798,-0.14426773201841306,-0.029864111266807655,0.057319369999123765,0.19483415502669024,0.02149536197899615,0.06131415404610841,0.01225354552860562,0.09106710291920785,3,AGAINST,Logistic Regression
-0.06730023772646324,0.37301686346754,0.012601729377270691,0.06622072261470531,0.26297106978811907,-0.11989407851060288,-0.01451068606516895,0.010370365525790383,0.14936569372859598,0.03428734700453984,-0.4700009721527222,0.46667369885305054,-0.028829629968059323,0.0,-1.0512198214429926,0.01729898718459455,-0.03648773377513319,0.2642210542873229,-0.04575602436674834,0.022812374959025376,0.00828201709437537,-0.3010203707681438,-0.014567270641144752,-0.291570663108769,0.7917439502162368,-0.02219098765386958,0.06385476095636752,-0.0530334538679341,0.1414162227142849,0.09254830510982948,0.331235133551722,-0.01699185770264004,-0.5264659065008088,-0.28686081509648614,0.05388413364128969,0.025887132012445798,-0.14426773201841306,-0.029864111266807655,0.057319369999123765,0.19483415502669024,0.02149536197899615,0.06131415404610841,0.01225354552860562,0.09106710291920785,3,AGAINST,Logistic Regression
-0.13632612257411783,0.37301686346754,-0.011847017582875966,0.031245356799395736,0.08823689403404765,-0.01616315541929132,-0.0034767892278963768,-0.03334384137090989,-0.23006026560149445,0.4873817426261467,0.4218980776058766,0.46667369885305054,0.0882325052202099,0.0,-0.2080457776983582,-0.012727057614993086,-0.03648773377513319,0.2642210542873229,-0.6397002909877261,0.004927781364899636,-0.03191703639968905,-0.5914557910065605,0.3138985699514091,0.47781946045928386,-0.16227209310627175,-0.023967416790923953,0.0875695343093273,-0.0530334538679341,-0.32997118633333145,0.09254830510982948,0.331235133551722,-0.01699185770264004,0.027708731921095197,-0.28686081509648614,0.13086146741456067,0.025887132012445798,-0.14426773201841306,-0.029864111266807655,0.057319369999123765,0.19483415502669024,0.02149536197899615,0.06131415404610841,0.01225354552860562,0.09106710291920785,3,AGAINST,Logistic Regression
-0.7920720286268366,-2.1473673491509735,-0.32377228088274823,-0.16788634475578512,-0.4116087481230563,0.2151882366873915,-0.021755163786610535,-0.22115302655673283,0.4370970462205813,-0.4631096117445121,-0.21234124666690407,-0.46603142271781334,-0.47366574368348324,0.0,-1.1395601064903835,-0.010986417336756156,0.22348262523625917,-0.26649146465924306,-0.006159739925349496,-0.02115391762653375,-0.0022966811935363173,2.189155829307896,0.1888753604092224,-0.25129403481493273,-0.16921348826880472,-0.01721497460736103,0.0806177245748554,-0.0530334538679341,-0.32997118633333145,-0.29306963284779347,0.331235133551722,-0.01699185770264004,-0.5264659065008088,-0.28686081509648614,0.49008902502315854,0.025887132012445798,-0.14426773201841306,-0.029864111266807655,0.057319369999123765,0.19483415502669024,0.02149536197899615,0.06131415404610841,0.01225354552860562,0.09106710291920785,3,AGAINST,Logistic Regression
-1.1372014528651098,-0.1310599790561627,-0.13403518704960946,0.008639334831147354,-0.4316333809367457,0.18546918434167134,0.0018486618076136987,-0.14461636801705574,0.026052256946316504,0.012868339211519083,0.16243653585792106,0.21229957478827027,0.03715084622896529,0.0,-0.11763550727352562,0.02686459671363315,-0.07181667835401928,-0.36658847542423645,0.6561781089125909,-0.02935102302384138,0.05271254990360448,-0.5040547215244908,0.1222396908374729,0.4273337542659029,-0.1511210048468354,-0.025055515393278643,0.07398953972716533,-0.0530334538679341,-0.32997118633333145,-0.6786875708054164,0.331235133551722,-0.01699185770264004,0.027708731921095197,-0.28686081509648614,0.6183845813119434,0.025887132012445798,-0.14426773201841306,-0.029864111266807655,0.057319369999123765,0.19483415502669024,0.02149536197899615,0.06131415404610841,0.01225354552860562,0.09106710291920785,3,AGAINST,Logistic Regression
-0.10181318015029053,0.37301686346754,-0.13836928310163535,-0.03921005393399602,0.07298736596823713,-0.007110274858595004,-0.012945878877337566,-0.19421212275076646,0.026052256946316504,-0.2955653730079898,0.136490381683125,0.46667369885305054,-0.36128609390274463,0.0,-0.5018791565790642,0.017977836893106943,0.03440655975320775,0.2642210542873229,1.6410456928368322,0.0719950073428712,0.08868012408250421,0.46443279576537366,0.24720956972051672,0.10146002904788544,0.04061854366529487,-0.023800612562316865,0.09057052575331354,-0.0530334538679341,-0.32997118633333145,0.09254830510982948,0.331235133551722,-0.01699185770264004,0.027708731921095197,-0.28686081509648614,0.07954324489904668,0.025887132012445798,-0.14426773201841306,-0.029864111266807655,0.057319369999123765,0.19483415502669024,0.02149536197899615,0.06131415404610841,0.01225354552860562,0.09106710291920785,3,AGAINST,Logistic Regression
0.03623858954501868,0.37301686346754,0.24530141026581023,0.016465795442673282,0.4694750956792949,-0.24248516943669848,0.004738926166090131,-0.26926178335310136,0.061284667455539364,0.31477435381791563,-0.5974151221182358,-0.1995442451261385,-0.04555279213781223,0.0,0.5457007159521495,0.034270229897404934,-0.12510560068555956,0.2642210542873229,0.7178866041459391,0.01576692899770312,0.024342404495114035,-0.6216431978090019,0.32171081375545474,0.4812204261937061,-0.1706712321249159,-0.023616935354808716,0.08401495540957994,-0.0530334538679341,0.1414162227142849,0.09254830510982948,0.331235133551722,-0.01699185770264004,0.027708731921095197,-0.28686081509648614,0.05388413364128969,0.025887132012445798,-0.14426773201841306,-0.029864111266807655,0.057319369999123765,0.19483415502669024,0.02149536197899615,0.06131415404610841,0.01225354552860562,0.09106710291920785,3,AGAINST,Logistic Regression
0.415880956207119,0.37301686346754,0.38605633919351234,0.08294701973121077,0.4694750956792949,-0.24248516943669848,0.014177445711739737,0.19979859541149117,-0.5288582085739406,0.26989643272777525,0.4218980776058766,0.46667369885305054,0.0882325052202099,0.0,1.2243919443450841,-0.006460752613340051,-0.0807966672303464,0.2642210542873229,-0.6397002909877261,0.004927781364899636,-0.03191703639968905,0.020039733403685665,0.24492376428137755,-0.3511552882771144,0.7818857990826475,-0.021400460559147152,0.0007795115215490244,-0.0530334538679341,0.1414162227142849,0.09254830510982948,0.331235133551722,-0.01699185770264004,0.027708731921095197,-0.28686081509648614,-0.22836609019403717,0.025887132012445798,-0.14426773201841306,-0.029864111266807655,0.057319369999123765,0.19483415502669024,0.02149536197899615,0.06131415404610841,0.01225354552860562,0.09106710291920785,3,AGAINST,Logistic Regression
-0.03278729530263593,0.37301686346754,0.12487994231924893,0.07938176239196852,0.03851017208031914,0.013357107278631326,0.015538147614201813,0.4304068752723443,-0.03828518833139432,0.8025778439281339,-0.5087791917074435,0.46667369885305054,0.0882325052202099,0.0,0.9672877378244664,-0.0365662614256298,-0.09187390059414964,0.2642210542873229,-0.019932360600618114,0.004927781364899636,-0.03191703639968905,1.5934527412481831,0.22309571945876114,-0.3216228762197039,0.23090646195204817,-0.02439532275946602,0.05755934304396995,-0.0530334538679341,0.1414162227142849,0.09254830510982948,0.331235133551722,-0.01699185770264004,0.027708731921095197,-0.28686081509648614,-0.04875231138973827,0.025887132012445798,-0.14426773201841306,-0.029864111266807655,0.057319369999123765,0.19483415502669024,0.02149536197899615,0.06131415404610841,0.01225354552860562,0.09106710291920785,3,AGAINST,Logistic Regression
0.20880330166415517,0.37301686346754,-0.14134897413740327,-0.1932230000830235,0.4694750956792949,-0.24248516943669848,-0.007990656115871523,-0.3684860942456112,0.0722947957396713,-1.143758081611637,-0.024051447273422778,-0.4077373526196353,-0.0873606975621942,0.0,-0.7957125354597706,0.034270229897404934,0.09687424361551278,0.2642210542873229,2.0330489088066783,0.004927781364899636,-0.03191703639968905,-0.409136191202794,0.2451107192568034,0.37560719971498063,-0.0646898068620708,-0.02156542330333058,0.09130875524680122,-0.0530334538679341,0.1414162227142849,0.09254830510982948,-1.1743791098651961,-0.01699185770264004,0.027708731921095197,-0.28686081509648614,-0.07441142264749527,0.025887132012445798,-0.14426773201841306,-0.029864111266807655,0.057319369999123765,0.19483415502669024,0.02149536197899615,0.06131415404610841,0.01225354552860562,0.09106710291920785,3,AGAINST,Logistic Regression
-0.03278729530263593,0.37301686346754,-0.11349534054218184,0.059661535746967045,0.03851017208031914,0.013357107278631326,0.015538147614201813,0.23274263539161302,-0.1991288015256719,1.2123327756207172,-0.19855343526967015,0.46667369885305054,0.0882325052202099,0.0,1.5038530383892341,0.016561107066646253,0.021667741384834086,0.2642210542873229,-0.6397002909877261,0.004927781364899636,-0.03191703639968905,0.508495428981768,-0.3799640069555382,0.07672225329445212,-0.10385804139077857,-0.02443897480449701,0.07459995809555979,-0.0530334538679341,0.1414162227142849,0.09254830510982948,0.331235133551722,-0.01699185770264004,0.027708731921095197,-0.28686081509648614,-0.04875231138973827,0.025887132012445798,-0.14426773201841306,-0.029864111266807655,0.057319369999123765,0.19483415502669024,0.02149536197899615,0.06131415404610841,0.01225354552860562,0.09106710291920785,3,AGAINST,Logistic Regression
-0.6885332013553547,-1.1392136641035682,-0.1519907278365742,-0.14335857676694813,-0.47454330839465253,0.21285316828879922,-0.002712536633106938,-0.1610170805612722,0.3695682594112379,-0.5827840679848857,0.25201254431852455,-1.5319801330845164,-0.11244544081682327,0.0,-0.9323792233112619,-0.02391688797508787,0.10661627474350051,-0.5471287493423233,-0.30030356720430984,0.004927781364899636,-0.03191703639968905,-0.6312395030211619,-6.4908789209533255,-0.3559287636163782,-0.17398169341677835,-0.024865409443359028,0.09444395047101718,-0.0530334538679341,-0.8013585953809478,-0.29306963284779347,-2.6799933532821147,-0.01699185770264004,0.027708731921095197,-0.28686081509648614,0.38745257999213056,0.025887132012445798,-0.14426773201841306,-0.029864111266807655,0.057319369999123765,0.19483415502669024,0.02149536197899615,0.06131415404610841,0.01225354552860562,0.09106710291920785,3,AGAINST,Logistic Regression
0.17429035924032787,0.37301686346754,-0.08788981143686173,-0.1173240510460981,0.17794000030351634,-0.06941539401162237,6.349852737824652e-05,-0.2904862348809109,0.221903009482878,-0.4507901824256506,0.0021808777194772407,-0.3563014084153596,0.0882325052202099,0.0,-0.1771159483424942,0.034270229897404934,0.0715152915219489,0.2642210542873229,0.1988092618889496,0.004927781364899636,-0.03191703639968905,0.45889286305734717,0.3110639855642033,-0.35402835837152413,0.49653605327318967,0.1977951224881117,0.0818801951853349,-0.0530334538679341,0.1414162227142849,0.09254830510982948,0.331235133551722,-0.01699185770264004,0.027708731921095197,-0.28686081509648614,-0.04875231138973827,0.025887132012445798,-0.14426773201841306,-0.029864111266807655,0.057319369999123765,0.19483415502669024,0.02149536197899615,0.06131415404610841,0.01225354552860562,0.09106710291920785,3,AGAINST,Logistic Regression
-0.27437789226942705,-0.1310599790561627,-0.2416652390082554,-0.21616915322409694,-0.026134566459527442,0.05173344878593074,-0.02755074596376381,-0.4063717402227514,0.3959925672931547,-0.9866853577961469,-0.2916211622010025,0.0003211380676185423,-0.19271661923163666,0.0,-1.7598533099120874,0.020693235727156624,0.12690145834096536,-0.576858318661423,2.211232188792972,0.021135694309576087,0.027323674012616424,-0.5786409627367733,0.20971069063608186,-0.35298646916158666,0.1646413923627455,-0.005993082520320107,-0.6725930223825299,-0.0530334538679341,-0.8013585953809478,-0.6786875708054164,-1.1743791098651961,-0.01699185770264004,0.027708731921095197,1.9887738559118064,0.15652057867231767,0.025887132012445798,-0.14426773201841306,-0.029864111266807655,-3.381842829948307,-2.535451082491662,0.02149536197899615,0.06131415404610841,0.01225354552860562,-4.169911588101746,3,AGAINST,Logistic Regression
0.20880330166415517,0.37301686346754,0.40989386747965534,0.19808759879624582,-0.15003698199423315,0.1252881033415881,0.011569433732020766,0.38922682529719194,-0.27452424521048946,0.03428734700453984,-0.024051447273422778,0.46667369885305054,0.0882325052202099,0.0,0.9183155080110159,-0.016643498241026296,-0.025410500411329934,0.2642210542873229,0.2512161089437419,0.004927781364899636,-0.03191703639968905,1.0575043061222957,0.2761681176351306,-0.21799226013692083,0.11263312128326443,-0.002375048041354181,0.08559959530393237,-0.0530334538679341,0.1414162227142849,0.09254830510982948,0.331235133551722,-0.01699185770264004,0.027708731921095197,-0.28686081509648614,-0.12572964516300925,0.025887132012445798,-0.14426773201841306,-0.029864111266807655,0.057319369999123765,0.19483415502669024,0.02149536197899615,0.06131415404610841,0.01225354552860562,0.09106710291920785,3,AGAINST,Logistic Regression
-0.23986494984559975,-0.1310599790561627,-0.22714352637416813,-0.24957077306327247,0.2985752121831494,-0.1410304734978609,-0.025752117012233483,-0.29663400704758675,0.5108016291249321,-0.7375355200198518,-0.5622663910932667,-0.015759984718085734,-0.008646503211461173,0.0,-1.403643664178473,0.020225063514389446,0.16710258442376813,-0.576858318661423,0.3433798744538937,0.0041825899651444,0.03790237230052812,-0.09231764696879644,0.29475676821671604,0.29833690661596407,-0.07897187141053204,-0.0008327280030693866,0.09524176268139033,-0.0530334538679341,0.1414162227142849,-0.29306963284779347,0.331235133551722,-0.01699185770264004,0.027708731921095197,-0.28686081509648614,0.18217968993007466,0.025887132012445798,-0.14426773201841306,-0.029864111266807655,0.057319369999123765,0.19483415502669024,0.02149536197899615,0.06131415404610841,0.01225354552860562,0.09106710291920785,3,AGAINST,Logistic Regression
-0.7920720286268366,-0.1310599790561627,-0.18074711116588976,-0.18281167654439046,0.028933173778119846,-0.013648466374653473,-0.017118698044887925,-0.3558575455865645,0.35488808836572827,-0.04424901490320503,-0.37090107773509995,-0.7769331299081013,0.0882325052202099,0.0,-1.1963944157516422,0.02521890045057272,-0.1737318148364089,-2.3291070123046436,-0.006159739925349496,-0.011839025129593256,-0.0017677462791407309,-0.5202140771059935,-1.3875420513800536,0.1829768856171971,-0.15908684298693584,-0.024121134766165966,0.01676963281619548,-0.0530334538679341,0.1414162227142849,-0.29306963284779347,-1.1743791098651961,-0.01699185770264004,0.027708731921095197,1.9810184524187886,0.5414072475386725,0.025887132012445798,1.9166998682446303,-0.029864111266807655,0.057319369999123765,-0.4118958977551634,0.02149536197899615,-0.3807859238600543,0.01225354552860562,0.09106710291920785,3,AGAINST,Logistic Regression
-0.10181318015029053,0.37301686346754,0.033260920558594746,0.05220828886634144,0.07298736596823713,-0.007110274858595004,-0.00042742137468650344,-0.19421212275076646,-0.047935805123051095,-0.2955653730079898,0.136490381683125,-0.09294937408946846,0.0882325052202099,0.0,0.13921185188793106,0.017977836893106943,-0.12510560068555956,0.2642210542873229,-0.6397002909877261,-0.00401451543216324,0.018860715382287074,-0.35662158861279375,0.2592293055026618,0.36611684195649563,-0.13246792977629093,-0.022334062932369208,0.07194287127490649,-0.0530334538679341,0.1414162227142849,0.09254830510982948,0.331235133551722,-0.01699185770264004,0.027708731921095197,-0.28686081509648614,0.028225022383532698,0.025887132012445798,-0.14426773201841306,-0.029864111266807655,0.057319369999123765,0.19483415502669024,0.02149536197899615,0.06131415404610841,0.01225354552860562,0.09106710291920785,3,AGAINST,Logistic Regression
-0.06730023772646324,0.37301686346754,-0.03705978788552731,0.07674700588784723,-0.5630450337765853,0.3704702851937791,-0.010163999432303996,0.19979859541149117,0.14936569372859598,-0.7510762720729112,0.4218980776058766,0.46667369885305054,0.0882325052202099,0.0,-0.4001676023511271,0.01729898718459455,-0.025410500411329934,0.2642210542873229,0.5481882422542308,0.040696968553151136,0.018860715382287074,0.45336640365951536,0.31397195482042206,-0.34949749677082875,0.7381695246429619,-0.01739435937387732,0.07135008124477961,-0.0530334538679341,0.1414162227142849,0.09254830510982948,0.331235133551722,-0.01699185770264004,0.027708731921095197,-0.28686081509648614,0.028225022383532698,0.025887132012445798,-0.14426773201841306,-0.029864111266807655,0.057319369999123765,0.19483415502669024,0.02149536197899615,0.06131415404610841,0.01225354552860562,0.09106710291920785,3,AGAINST,Logistic Regression
0.0017256471211913726,0.37301686346754,0.18235382474828973,0.07423880343061216,0.4694750956792949,-0.24248516943669848,0.000900293814988615,-0.07573337533134634,0.09331413155483265,-0.07280769196056656,-0.22675577676401334,-0.1692616113089021,0.0882325052202099,0.0,0.22631660847312057,0.01575614693797542,-0.10295113395795295,0.2642210542873229,0.6561781089125909,-0.028605831624086142,0.09185373356887773,2.0504874763436995,0.254555943234746,-0.3099781435725201,-0.14946199766104087,-0.01936012069416173,0.06453032180942192,-0.0530334538679341,0.1414162227142849,0.09254830510982948,-1.1743791098651961,-0.01699185770264004,-0.5264659065008088,1.969092946863297,-0.023093200131981288,0.025887132012445798,1.9166998682446303,-0.029864111266807655,-2.23545542996583,-3.541345643682633,0.02149536197899615,-0.8461544269191739,0.01225354552860562,-3.796141527485874,3,AGAINST,Logistic Regression
0.27782918651180977,0.37301686346754,0.5120547029916972,0.30499202335021686,-0.5925456089038961,0.3879832981832214,0.024609493630615625,0.8492668121624654,-0.15891789822710253,0.5391639592686162,-0.5974151221182358,0.46667369885305054,0.0882325052202099,0.0,2.142621253347291,-0.02391688797508787,-0.3328037262568712,0.2642210542873229,-0.6397002909877261,0.004927781364899636,-0.03191703639968905,-0.21271065576323495,0.08233677113512547,0.056894056400838854,0.3494064038642371,-0.024733662143831287,0.0768456754238443,-0.0530334538679341,0.1414162227142849,0.09254830510982948,0.331235133551722,-0.01699185770264004,0.027708731921095197,-0.28686081509648614,-0.22836609019403717,0.025887132012445798,-0.14426773201841306,-0.029864111266807655,0.057319369999123765,0.19483415502669024,0.02149536197899615,0.06131415404610841,0.01225354552860562,0.09106710291920785,3,AGAINST,Logistic Regression
-0.10181318015029053,-1.1392136641035682,-0.16697431704500704,-0.07652456787435583,-0.3235003637428212,0.16942089607498254,-0.00042742137468650344,-0.13359508918734217,0.1740283810850518,0.45838370130636363,-0.7197327060851298,-0.6525724470319874,0.0882325052202099,0.0,0.3061626353428776,-0.014606949115489043,0.06397661881602719,-0.05697143671297884,-0.6397002909877261,-0.031400299373168294,0.06678221862652703,-0.6014573509828115,0.2145099890529976,0.4810954256992441,-0.16202675760506818,-0.025121971080281132,0.09185679938548319,-0.0530334538679341,-0.32997118633333145,-0.29306963284779347,-1.1743791098651961,-0.01699185770264004,0.027708731921095197,-0.28686081509648614,0.028225022383532698,0.025887132012445798,-0.14426773201841306,-0.029864111266807655,0.057319369999123765,0.19483415502669024,0.02149536197899615,0.06131415404610841,0.01225354552860562,0.09106710291920785,3,AGAINST,Logistic Regression
-0.17083906499794513,-0.1310599790561627,-0.10658591205344468,0.01585326433548141,-0.6318797090736438,0.3568490528686575,0.0014271649220025434,0.11560827101784633,0.21787315860764006,-0.18386921385030744,0.15763169249221798,-1.0878348370983908,-0.01582272605825169,0.0,-0.612066673659329,0.019184680819351253,-0.053103583820838164,-0.7170382141528805,0.4162006274495683,-0.00401451543216324,0.018860715382287074,-0.2122114643983163,0.20714553138175487,-0.08874331856386848,0.3880293621559081,-0.024404321802255016,-0.06045646621404584,-0.0530334538679341,0.1414162227142849,-0.29306963284779347,0.331235133551722,-0.01699185770264004,0.027708731921095197,-0.28686081509648614,-0.023093200131981288,0.025887132012445798,-0.14426773201841306,-0.029864111266807655,0.057319369999123765,0.19483415502669024,0.02149536197899615,0.06131415404610841,0.01225354552860562,0.09106710291920785,3,AGAINST,Logistic Regression
0.20880330166415517,0.37301686346754,0.3949954123008159,0.2538371190610438,-0.15003698199423315,0.1252881033415881,0.018089463681318196,0.7680832850685936,-0.27452424521048946,0.03428734700453984,-0.024051447273422778,0.46667369885305054,0.0882325052202099,0.0,1.6179187910603159,-0.06755722637945752,-0.11956698400365787,0.2642210542873229,0.2512161089437419,0.004927781364899636,-0.03191703639968905,-0.17136033566653283,0.2908762890091909,-0.17854140556793202,-0.01270239442704512,-0.015224071104736957,0.05134340808448454,-0.0530334538679341,-0.32997118633333145,0.09254830510982948,0.331235133551722,-0.01699185770264004,0.027708731921095197,-0.28686081509648614,-0.15138875642076624,0.025887132012445798,-0.14426773201841306,-0.029864111266807655,0.057319369999123765,0.19483415502669024,0.02149536197899615,0.06131415404610841,0.01225354552860562,0.09106710291920785,3,AGAINST,Logistic Regression
0.10526447439267328,-0.1310599790561627,0.10251521326359986,0.11041475451199685,0.20862790507991494,-0.08763326510899884,0.013628390558114694,0.23967822275584919,-0.012888828353350488,-0.2757246078944536,0.046361635602256236,-0.26967244975552673,0.0882325052202099,0.0,1.3693755194506962,-0.008604488534958186,0.03274497474863739,-0.0862286844413212,0.11054509842824664,-0.03978370262041474,0.0315551533277811,0.40554346356768123,0.17578016461059265,0.18637256669279106,-0.13768746564939763,-0.024347251293519404,0.07142396869219958,-0.0530334538679341,0.1414162227142849,0.09254830510982948,0.331235133551722,-0.01699185770264004,0.027708731921095197,-0.28686081509648614,-0.10007053390525227,0.025887132012445798,-0.14426773201841306,-0.029864111266807655,0.057319369999123765,0.19483415502669024,0.02149536197899615,0.06131415404610841,0.01225354552860562,0.09106710291920785,3,AGAINST,Logistic Regression
0.13977741681650055,0.37301686346754,0.07881708572766812,0.07963849995787946,-0.356541007885409,0.16615180031695329,-0.004368417255150729,-0.22115302655673283,-0.05615670090853633,-0.35839446253418533,0.025498499935388684,0.46667369885305054,-0.22393318861517514,0.0,-0.3059902373252601,0.011641906280324412,-0.20656282745724155,0.2642210542873229,0.15222539784024466,0.004927781364899636,-0.03191703639968905,0.17037398855526176,-0.7938499182987055,0.12308171357175138,-0.13361014166882937,-0.02491470111316029,0.07830354058691279,-0.0530334538679341,0.1414162227142849,0.09254830510982948,0.331235133551722,-0.01699185770264004,0.027708731921095197,-0.28686081509648614,-0.07441142264749527,0.025887132012445798,-0.14426773201841306,-0.029864111266807655,0.057319369999123765,0.19483415502669024,0.02149536197899615,0.06131415404610841,0.01225354552860562,0.09106710291920785,3,AGAINST,Logistic Regression
-1.2752532225604187,-2.6514441916746763,-0.14968200838997436,-0.09790964888117293,-0.20253800552588794,0.10658776743760748,-0.00544894952546744,-0.2496921195715276,0.17026627623406704,-0.8642218782111879,0.3009626132318299,0.22954527811469613,-0.10224147745900804,0.0,-0.4348645263080259,-0.00715110824911539,0.04378980131270615,-0.3568985369150729,0.3267174987684422,0.022812374959025387,0.018860715382287074,0.7030922236730898,0.2868475965318137,0.1078074798575014,-0.07852598814388387,-0.024812452123733033,0.07979788658515902,-0.0530334538679341,0.1414162227142849,-0.6786875708054164,0.331235133551722,-0.01699185770264004,-0.5264659065008088,-0.28686081509648614,0.7723392488584854,0.025887132012445798,-0.14426773201841306,-0.029864111266807655,0.057319369999123765,0.19483415502669024,0.02149536197899615,0.06131415404610841,0.01225354552860562,0.09106710291920785,3,AGAINST,Logistic Regression
0.20880330166415517,-0.1310599790561627,0.05233094318750923,0.1894679822716975,-0.15003698199423315,0.1252881033415881,0.011569433732020766,0.10508448046864079,-0.043311551243715614,-0.5547353673035488,-0.024051447273422778,0.46667369885305054,0.0882325052202099,0.0,1.3264174231231072,0.00881336582818932,0.008324710287525561,-0.22640857993277883,0.2512161089437419,0.022812374959025387,-0.03191703639968905,-0.09732240726258633,0.19690352264653618,0.3354361534105803,-0.12814881660397834,-0.024902094754163037,0.09142057516145033,-0.0530334538679341,0.1414162227142849,0.09254830510982948,0.331235133551722,-0.01699185770264004,0.027708731921095197,-0.28686081509648614,-0.15138875642076624,0.025887132012445798,-0.14426773201841306,-0.029864111266807655,0.057319369999123765,0.19483415502669024,0.02149536197899615,0.06131415404610841,0.01225354552860562,0.09106710291920785,3,AGAINST,Logistic Regression
0.17429035924032787,-0.1310599790561627,-0.101911886899299,0.07482316642455973,0.17794000030351634,-0.06941539401162237,0.00619999730318759,0.42265533645349207,0.11309703585145499,0.6579584562719278,0.0021808777194772407,-0.3563014084153596,0.0882325052202099,0.0,0.44742868288167914,-0.013648573056412684,-0.01156395870657582,0.19413110654159407,-0.6397002909877261,-0.03978370262041474,0.0315551533277811,2.5871031014348755,0.3023962235017855,-0.33404640930002194,-0.1467288835864133,-0.01602994537248258,0.08872250682226822,-0.0530334538679341,0.1414162227142849,0.09254830510982948,0.331235133551722,-0.01699185770264004,0.027708731921095197,-0.28686081509648614,-0.20270697893628023,0.025887132012445798,-0.14426773201841306,-0.029864111266807655,0.057319369999123765,0.19483415502669024,0.02149536197899615,0.06131415404610841,0.01225354552860562,0.09106710291920785,3,AGAINST,Logistic Regression
0.2433162440879825,0.37301686346754,0.544973194434466,0.22854438547612796,-0.19133778717246824,0.14980632152680728,0.01765479501803171,0.5533979578647992,-0.3438880534005216,-0.04424901490320503,-0.05378141559870891,0.46667369885305054,0.0882325052202099,0.0,1.577557063192087,-0.020037746783588363,-0.24418585934644488,0.2642210542873229,1.2609213621994053,0.004927781364899636,-0.03191703639968905,-0.1670483541829752,0.016871687446486407,-0.2946042731100159,-0.060432909893650674,-0.02202639333252758,0.008664863048620507,-0.0530334538679341,0.1414162227142849,0.09254830510982948,0.331235133551722,-0.01699185770264004,0.027708731921095197,-0.28686081509648614,-0.15138875642076624,0.025887132012445798,-0.14426773201841306,-0.029864111266807655,0.057319369999123765,0.19483415502669024,0.02149536197899615,0.06131415404610841,0.01225354552860562,0.09106710291920785,3,AGAINST,Logistic Regression
-0.06730023772646324,0.37301686346754,0.0026694259247112178,0.03671065807975272,0.26297106978811907,-0.11989407851060288,-0.005817312799439049,-0.052772377769443234,0.22643659171752048,-0.7510762720729112,0.1245983943530108,0.46667369885305054,-0.1458917651563288,0.0,0.13921185188793106,0.01729898718459455,-0.0697194338665431,0.2642210542873229,0.5481882422542308,0.004927781364899636,-0.03191703639968905,-0.07233886905782261,0.22902383415718977,0.3439250944827915,-0.1592467653982113,-0.024321957176119215,0.08511942900346697,-0.0530334538679341,0.1414162227142849,0.09254830510982948,0.331235133551722,-0.01699185770264004,0.027708731921095197,-0.28686081509648614,0.07954324489904668,0.025887132012445798,-0.14426773201841306,-0.029864111266807655,0.057319369999123765,0.19483415502669024,0.02149536197899615,0.06131415404610841,0.01225354552860562,0.09106710291920785,3,AGAINST,Logistic Regression
0.07075153196884598,0.37301686346754,0.27878746190586845,0.2065685154847909,-0.27393939752893887,0.1252881033415881,0.01939346967117768,0.5786550551828927,-0.15891789822710253,0.7411146041742462,-0.2916211622010025,0.46667369885305054,0.0882325052202099,0.0,0.6734543589437602,-0.006460752613340051,-0.1638759174588711,0.2642210542873229,-0.6397002909877261,0.06752385894433975,0.05271254990360448,-0.25635167359259425,0.27150951716051513,0.047680619997288995,-0.02267899003056222,-0.020089779297247565,0.04971977210035658,0.4290888540223758,0.1414162227142849,0.09254830510982948,0.331235133551722,-0.01699185770264004,0.027708731921095197,-0.28686081509648614,-0.10007053390525227,0.025887132012445798,-0.14426773201841306,-0.029864111266807655,0.057319369999123765,0.19483415502669024,0.02149536197899615,0.06131415404610841,0.01225354552860562,0.09106710291920785,3,AGAINST,Logistic Regression
0.4503938986309463,0.37301686346754,0.6085399365308476,0.13811440988932508,0.4694750956792949,-0.24248516943669848,0.024609493630615625,0.4523695685924255,-0.6727238848199332,0.16518128351744849,0.4218980776058766,0.46667369885305054,0.0882325052202099,0.0,2.142621253347291,-0.010986417336756156,-0.0697194338665431,0.2642210542873229,-0.6397002909877261,0.004927781364899636,-0.03191703639968905,0.11994276183174822,0.19320642959407094,-0.33332419330482405,-0.005867727033898049,-0.01484803293186304,-0.07172994396684475,-0.0530334538679341,-0.32997118633333145,0.09254830510982948,0.331235133551722,-0.01699185770264004,0.027708731921095197,-0.28686081509648614,-0.2540252014517942,0.025887132012445798,-0.14426773201841306,-0.029864111266807655,0.057319369999123765,0.19483415502669024,0.02149536197899615,0.06131415404610841,0.01225354552860562,0.09106710291920785,3,AGAINST,Logistic Regression
0.03623858954501868,-0.1310599790561627,-0.04982989232453259,0.04153580461013078,-0.0025341063576788387,0.03772303839437701,-0.005196357566172622,-0.12493551296399591,0.14936569372859598,0.31477435381791563,-0.5974151221182358,0.46667369885305054,0.0882325052202099,0.0,-0.3059902373252601,0.014874523939907331,-0.07352723283535056,-0.576858318661423,-0.6397002909877261,-0.004759706831918476,0.020976455039869394,-0.5819687528550105,0.23248563472286427,0.4893262556625475,-0.17093575189982463,-0.02535866909737737,0.09443759369541456,-0.0530334538679341,0.1414162227142849,-0.29306963284779347,0.331235133551722,-0.01699185770264004,-1.0806405449227128,-0.28686081509648614,-0.023093200131981288,0.025887132012445798,-0.14426773201841306,-0.029864111266807655,0.057319369999123765,0.19483415502669024,0.02149536197899615,0.06131415404610841,0.01225354552860562,0.09106710291920785,3,AGAINST,Logistic Regression
0.38136801378329166,0.37301686346754,-0.18604433967392153,-0.1626459113569068,0.4694750956792949,-0.24248516943669848,-0.013325226074387596,-0.557914324131312,-0.4111499280090376,0.35557246389986097,0.4218980776058766,0.46667369885305054,0.0882325052202099,0.0,-0.5285912819318555,0.034270229897404934,0.08259252488575217,0.2642210542873229,-0.6397002909877261,0.004927781364899636,-0.03191703639968905,-0.6121159225043324,0.2523352983740994,-0.3545900581689051,-0.16619150363721327,-0.021403782032762223,0.05690273566105966,-0.0530334538679341,0.1414162227142849,0.09254830510982948,0.331235133551722,-0.01699185770264004,0.027708731921095197,-0.28686081509648614,-0.15138875642076624,0.025887132012445798,-0.14426773201841306,-0.029864111266807655,0.057319369999123765,0.19483415502669024,0.02149536197899615,0.06131415404610841,0.01225354552860562,0.09106710291920785,3,AGAINST,Logistic Regression
0.03623858954501868,0.37301686346754,0.05233094318750923,0.019417307875188698,0.4694750956792949,-0.24248516943669848,0.019641851764484252,0.09155389261966201,-0.6433635427289143,1.2123327756207172,0.4218980776058766,0.46667369885305054,0.0882325052202099,0.0,0.5102135928989237,0.014874523939907331,-0.09187390059414964,0.2642210542873229,0.039093156579106454,0.004927781364899636,-0.03191703639968905,-0.46006791484453974,-1.94705729140341,-0.29431597796584524,-0.09859422480219486,-0.024691588176637056,-0.16327473733571754,-0.0530334538679341,0.1414162227142849,0.09254830510982948,-1.1743791098651961,-0.01699185770264004,0.027708731921095197,1.9349488001447417,-0.07441142264749527,0.025887132012445798,1.9166998682446303,-0.029864111266807655,0.057319369999123765,-1.3826639822061373,0.02149536197899615,-1.0881460485099153,0.01225354552860562,0.09106710291920785,3,AGAINST,Logistic Regression
